embed_x,embed_y,label,label_name,method,umap_n_neighbors,umap_min_dist,original_instance_id,compound_label,compound_label_name,concentration_label_id,concentration_label_name,mechanism_of_action,compound,concentration_band,concentration_label,image_condition_dir,is_control,dataset_split
10.561972,11.918461,1,GABAAR_Antagonist,umap,15,0.1,1,1,Bemegride,1,high,GABAAR_Antagonist,Bemegride,high,1 mM,/mnt/tyler/Matt Winter/BRAIN IMAGES BACKUP/THIRD BATCH convulsants/Bemegride run 1 1 June 17/1mM F2,False,train
13.574724,10.551323,1,GABAAR_Antagonist,umap,15,0.1,4,1,Bemegride,1,high,GABAAR_Antagonist,Bemegride,high,1 mM,/mnt/tyler/Matt Winter/BRAIN IMAGES BACKUP/THIRD BATCH convulsants/Bemegride run 2 7 6 17/1mM F2.1,False,train
12.785624,9.790256,1,GABAAR_Antagonist,umap,15,0.1,5,1,Bemegride,1,high,GABAAR_Antagonist,Bemegride,high,1 mM,/mnt/tyler/Matt Winter/BRAIN IMAGES BACKUP/THIRD BATCH convulsants/Bemegride run 2 7 6 17/1mM F2.2,False,train
13.288309,9.717153,1,GABAAR_Antagonist,umap,15,0.1,6,1,Bemegride,1,high,GABAAR_Antagonist,Bemegride,high,1 mM,/mnt/tyler/Matt Winter/BRAIN IMAGES BACKUP/THIRD BATCH convulsants/Bemegride run 2 7 6 17/1mM F2.3,False,train
12.444872,9.498382,1,GABAAR_Antagonist,umap,15,0.1,8,1,Bemegride,2,mid,GABAAR_Antagonist,Bemegride,mid,0.5 mM,/mnt/tyler/Matt Winter/BRAIN IMAGES BACKUP/THIRD BATCH convulsants/Bemegride run 1 1 June 17/0.5mM F1,False,train
11.865129,11.660561,1,GABAAR_Antagonist,umap,15,0.1,12,1,Bemegride,2,mid,GABAAR_Antagonist,Bemegride,mid,0.5 mM,/mnt/tyler/Matt Winter/BRAIN IMAGES BACKUP/THIRD BATCH convulsants/Bemegride run 2 7 6 17/0.5mM F2.1,False,train
10.586635,11.933662,1,GABAAR_Antagonist,umap,15,0.1,14,1,Bemegride,2,mid,GABAAR_Antagonist,Bemegride,mid,0.5 mM,/mnt/tyler/Matt Winter/BRAIN IMAGES BACKUP/THIRD BATCH convulsants/Bemegride run 2 7 6 17/0.5mM F2.4,False,train
6.438452,7.529274,1,GABAAR_Antagonist,umap,15,0.1,15,1,Bemegride,2,mid,GABAAR_Antagonist,Bemegride,mid,0.5 mM,/mnt/tyler/Matt Winter/BRAIN IMAGES BACKUP/THIRD BATCH convulsants/Bemegride run 2 7 6 17/0.5mM F2.5,False,train
9.153007,1.2129097,0,Water,umap,15,0.1,16,0,Control,0,control,GABAAR_Antagonist,Bemegride,control,control,/mnt/tyler/Matt Winter/BRAIN IMAGES BACKUP/THIRD BATCH convulsants/Bemegride run 1 1 June 17/Water F1,True,train
13.28675,11.156976,0,Water,umap,15,0.1,18,0,Control,0,control,GABAAR_Antagonist,Bemegride,control,control,/mnt/tyler/Matt Winter/BRAIN IMAGES BACKUP/THIRD BATCH convulsants/Bemegride run 1 1 June 17/Water F3,True,train
13.384603,9.480791,0,Water,umap,15,0.1,19,0,Control,0,control,GABAAR_Antagonist,Bemegride,control,control,/mnt/tyler/Matt Winter/BRAIN IMAGES BACKUP/THIRD BATCH convulsants/Bemegride run 1 1 June 17/Water F4,True,train
13.297711,9.976787,0,Water,umap,15,0.1,20,0,Control,0,control,GABAAR_Antagonist,Bemegride,control,control,/mnt/tyler/Matt Winter/BRAIN IMAGES BACKUP/THIRD BATCH convulsants/Bemegride run 2 7 6 17/Water F2.1,True,train
13.163108,7.695307,0,Water,umap,15,0.1,21,0,Control,0,control,GABAAR_Antagonist,Bemegride,control,control,/mnt/tyler/Matt Winter/BRAIN IMAGES BACKUP/THIRD BATCH convulsants/Bemegride run 2 7 6 17/Water F2.2,True,train
12.175454,11.616936,0,Water,umap,15,0.1,22,0,Control,0,control,GABAAR_Antagonist,Bemegride,control,control,/mnt/tyler/Matt Winter/BRAIN IMAGES BACKUP/THIRD BATCH convulsants/Bemegride run 2 7 6 17/Water F2.3,True,train
11.469054,8.153054,0,Water,umap,15,0.1,23,0,Control,0,control,GABAAR_Antagonist,Bemegride,control,control,/mnt/tyler/Matt Winter/BRAIN IMAGES BACKUP/THIRD BATCH convulsants/Bemegride run 2 7 6 17/wATER f2.4,True,train
0.86872816,8.583804,1,GABAAR_Antagonist,umap,15,0.1,24,2,Bicuculline,1,high,GABAAR_Antagonist,Bicuculline,high,250 uM,/mnt/tyler/Matt Winter/BRAIN IMAGES BACKUP/THIRD BATCH convulsants/Bicuculline run 1 24 5 17/250 microM F2,False,train
0.68592215,8.8146515,1,GABAAR_Antagonist,umap,15,0.1,27,2,Bicuculline,1,high,GABAAR_Antagonist,Bicuculline,high,250 uM,/mnt/tyler/Matt Winter/BRAIN IMAGES BACKUP/THIRD BATCH convulsants/Bicuculline run 1 24 5 17/250microM F1,False,train
0.63567173,8.725669,1,GABAAR_Antagonist,umap,15,0.1,28,2,Bicuculline,1,high,GABAAR_Antagonist,Bicuculline,high,250 uM,/mnt/tyler/Matt Winter/BRAIN IMAGES BACKUP/THIRD BATCH convulsants/Bicuculline run 2 25 5 17/250 microM F2.1,False,train
-1.6991348,4.283561,1,GABAAR_Antagonist,umap,15,0.1,32,2,Bicuculline,2,mid,GABAAR_Antagonist,Bicuculline,mid,125 uM,/mnt/tyler/Matt Winter/BRAIN IMAGES BACKUP/THIRD BATCH convulsants/Bicuculline run 1 24 5 17/125 microM F1 bright at end,False,train
0.5716577,8.788557,1,GABAAR_Antagonist,umap,15,0.1,33,2,Bicuculline,2,mid,GABAAR_Antagonist,Bicuculline,mid,125 uM,/mnt/tyler/Matt Winter/BRAIN IMAGES BACKUP/THIRD BATCH convulsants/Bicuculline run 1 24 5 17/125 microM F4,False,train
0.9233581,8.3824215,1,GABAAR_Antagonist,umap,15,0.1,34,2,Bicuculline,2,mid,GABAAR_Antagonist,Bicuculline,mid,125 uM,/mnt/tyler/Matt Winter/BRAIN IMAGES BACKUP/THIRD BATCH convulsants/Bicuculline run 1 24 5 17/125 microM F6,False,train
0.78986526,8.7693,1,GABAAR_Antagonist,umap,15,0.1,35,2,Bicuculline,2,mid,GABAAR_Antagonist,Bicuculline,mid,125 uM,/mnt/tyler/Matt Winter/BRAIN IMAGES BACKUP/THIRD BATCH convulsants/Bicuculline run 2 25 5 17/125 microM F2.1,False,train
0.85032994,9.010284,1,GABAAR_Antagonist,umap,15,0.1,38,2,Bicuculline,2,mid,GABAAR_Antagonist,Bicuculline,mid,125 uM,/mnt/tyler/Matt Winter/BRAIN IMAGES BACKUP/THIRD BATCH convulsants/Bicuculline run 2 25 5 17/125 microM F2.4,False,train
1.1411397,9.149247,0,Water,umap,15,0.1,39,0,Control,0,control,GABAAR_Antagonist,Bicuculline,control,control,/mnt/tyler/Matt Winter/BRAIN IMAGES BACKUP/THIRD BATCH convulsants/Bicuculline run 1 24 5 17/Water F1,True,train
0.9463791,9.065728,0,Water,umap,15,0.1,42,0,Control,0,control,GABAAR_Antagonist,Bicuculline,control,control,/mnt/tyler/Matt Winter/BRAIN IMAGES BACKUP/THIRD BATCH convulsants/Bicuculline run 1 24 5 17/Water F5,True,train
0.95868665,8.338406,0,Water,umap,15,0.1,44,0,Control,0,control,GABAAR_Antagonist,Bicuculline,control,control,/mnt/tyler/Matt Winter/BRAIN IMAGES BACKUP/THIRD BATCH convulsants/Bicuculline run 2 25 5 17/Water F2.3,True,train
0.80888164,8.770712,0,Water,umap,15,0.1,46,0,Control,0,control,GABAAR_Antagonist,Bicuculline,control,control,/mnt/tyler/Matt Winter/BRAIN IMAGES BACKUP/THIRD BATCH convulsants/Bicuculline run 2 25 5 17/Water F2.5,True,train
11.153204,7.4091907,1,GABAAR_Antagonist,umap,15,0.1,47,3,Gabazine,1,high,GABAAR_Antagonist,Gabazine,high,0.5 mM,/mnt/tyler/Matt Winter/BRAIN IMAGES BACKUP/THIRD BATCH convulsants/Gabazine Run 1 7 July 2017/0.5mM F1,False,train
12.8106165,11.54289,1,GABAAR_Antagonist,umap,15,0.1,48,3,Gabazine,1,high,GABAAR_Antagonist,Gabazine,high,0.5 mM,/mnt/tyler/Matt Winter/BRAIN IMAGES BACKUP/THIRD BATCH convulsants/Gabazine Run 1 7 July 2017/0.5mM F2,False,train
12.795976,10.16535,1,GABAAR_Antagonist,umap,15,0.1,49,3,Gabazine,1,high,GABAAR_Antagonist,Gabazine,high,0.5 mM,/mnt/tyler/Matt Winter/BRAIN IMAGES BACKUP/THIRD BATCH convulsants/Gabazine Run 1 7 July 2017/0.5mM F3,False,train
11.861469,11.7684765,1,GABAAR_Antagonist,umap,15,0.1,51,3,Gabazine,1,high,GABAAR_Antagonist,Gabazine,high,0.5 mM,/mnt/tyler/Matt Winter/BRAIN IMAGES BACKUP/THIRD BATCH convulsants/Gabazine Run 3 14 jUly 2017/0.5mM F3.1,False,train
12.339147,7.016504,1,GABAAR_Antagonist,umap,15,0.1,52,3,Gabazine,1,high,GABAAR_Antagonist,Gabazine,high,0.5 mM,/mnt/tyler/Matt Winter/BRAIN IMAGES BACKUP/THIRD BATCH convulsants/Gabazine Run 3 14 jUly 2017/0.5mM F3.2,False,train
12.496907,10.808523,1,GABAAR_Antagonist,umap,15,0.1,53,3,Gabazine,1,high,GABAAR_Antagonist,Gabazine,high,0.5 mM,/mnt/tyler/Matt Winter/BRAIN IMAGES BACKUP/THIRD BATCH convulsants/Gabazine Run 3 14 jUly 2017/0.5mM F3.3,False,train
12.490559,8.325421,1,GABAAR_Antagonist,umap,15,0.1,54,3,Gabazine,1,high,GABAAR_Antagonist,Gabazine,high,0.5 mM,/mnt/tyler/Matt Winter/BRAIN IMAGES BACKUP/THIRD BATCH convulsants/Gabazine Run 3 14 jUly 2017/0.5mM F3.4,False,train
12.97165,9.290943,1,GABAAR_Antagonist,umap,15,0.1,56,3,Gabazine,2,mid,GABAAR_Antagonist,Gabazine,mid,0.25 mM,/mnt/tyler/Matt Winter/BRAIN IMAGES BACKUP/THIRD BATCH convulsants/Gabazine Run 1 7 July 2017/0.25mM F2,False,train
8.972273,7.5991945,1,GABAAR_Antagonist,umap,15,0.1,58,3,Gabazine,2,mid,GABAAR_Antagonist,Gabazine,mid,0.25 mM,/mnt/tyler/Matt Winter/BRAIN IMAGES BACKUP/THIRD BATCH convulsants/Gabazine Run 1 7 July 2017/0.25mM F4,False,train
8.564211,7.7824917,1,GABAAR_Antagonist,umap,15,0.1,59,3,Gabazine,2,mid,GABAAR_Antagonist,Gabazine,mid,0.25 mM,/mnt/tyler/Matt Winter/BRAIN IMAGES BACKUP/THIRD BATCH convulsants/Gabazine Run 3 14 jUly 2017/0.25mM F3.1,False,train
8.212911,8.1010065,1,GABAAR_Antagonist,umap,15,0.1,60,3,Gabazine,2,mid,GABAAR_Antagonist,Gabazine,mid,0.25 mM,/mnt/tyler/Matt Winter/BRAIN IMAGES BACKUP/THIRD BATCH convulsants/Gabazine Run 3 14 jUly 2017/0.25mM F3.2,False,train
12.407912,11.292162,0,Water,umap,15,0.1,62,0,Control,0,control,GABAAR_Antagonist,Gabazine,control,control,/mnt/tyler/Matt Winter/BRAIN IMAGES BACKUP/THIRD BATCH convulsants/Gabazine Run 1 7 July 2017/Water F1,True,train
12.616612,11.124583,0,Water,umap,15,0.1,63,0,Control,0,control,GABAAR_Antagonist,Gabazine,control,control,/mnt/tyler/Matt Winter/BRAIN IMAGES BACKUP/THIRD BATCH convulsants/Gabazine Run 1 7 July 2017/Water F2,True,train
13.104062,9.60895,0,Water,umap,15,0.1,64,0,Control,0,control,GABAAR_Antagonist,Gabazine,control,control,/mnt/tyler/Matt Winter/BRAIN IMAGES BACKUP/THIRD BATCH convulsants/Gabazine Run 1 7 July 2017/Water f4,True,train
11.822756,7.6855626,0,Water,umap,15,0.1,65,0,Control,0,control,GABAAR_Antagonist,Gabazine,control,control,/mnt/tyler/Matt Winter/BRAIN IMAGES BACKUP/THIRD BATCH convulsants/Gabazine Run 1 7 July 2017/water F3,True,train
12.910467,10.444229,0,Water,umap,15,0.1,68,0,Control,0,control,GABAAR_Antagonist,Gabazine,control,control,/mnt/tyler/Matt Winter/BRAIN IMAGES BACKUP/THIRD BATCH convulsants/Gabazine Run 3 14 jUly 2017/Water F3.3,True,train
12.688463,10.723312,0,Water,umap,15,0.1,69,0,Control,0,control,GABAAR_Antagonist,Gabazine,control,control,/mnt/tyler/Matt Winter/BRAIN IMAGES BACKUP/THIRD BATCH convulsants/Gabazine Run 3 14 jUly 2017/water f3.4,True,train
-1.33425,3.0638711,2,NMDAR_Activation,umap,15,0.1,70,4,(RS)-(Tetrazol-5-yl)glycine,1,high,NMDAR_Activation,(RS)-(Tetrazol-5-yl)glycine,high,62.5 uM,/mnt/tyler/Matt Winter/BRAIN IMAGES BACKUP/FOURTH BATCH 2018/Rs tetrazol Glycine (RsT) Run 1 21 aug 2018/62.5microM F1 bright but heart beat good,False,train
-1.7851026,3.4949455,2,NMDAR_Activation,umap,15,0.1,71,4,(RS)-(Tetrazol-5-yl)glycine,1,high,NMDAR_Activation,(RS)-(Tetrazol-5-yl)glycine,high,62.5 uM,/mnt/tyler/Matt Winter/BRAIN IMAGES BACKUP/FOURTH BATCH 2018/Rs tetrazol Glycine (RsT) Run 1 21 aug 2018/62.5microM F2 bright but heart beat good,False,train
-1.793223,3.1121426,2,NMDAR_Activation,umap,15,0.1,76,4,(RS)-(Tetrazol-5-yl)glycine,1,high,NMDAR_Activation,(RS)-(Tetrazol-5-yl)glycine,high,62.5 uM,/mnt/tyler/Matt Winter/BRAIN IMAGES BACKUP/FOURTH BATCH 2018/Rs tetrazol Glycine (RsT) Run 2 24 Aug 2018/62.5microM F2.3,False,train
-1.6254469,2.8176966,2,NMDAR_Activation,umap,15,0.1,77,4,(RS)-(Tetrazol-5-yl)glycine,1,high,NMDAR_Activation,(RS)-(Tetrazol-5-yl)glycine,high,62.5 uM,/mnt/tyler/Matt Winter/BRAIN IMAGES BACKUP/FOURTH BATCH 2018/Rs tetrazol Glycine (RsT) Run 2 24 Aug 2018/62.5microM F2.4,False,train
-1.4996704,2.925157,2,NMDAR_Activation,umap,15,0.1,79,4,(RS)-(Tetrazol-5-yl)glycine,2,mid,NMDAR_Activation,(RS)-(Tetrazol-5-yl)glycine,mid,31.25 uM,/mnt/tyler/Matt Winter/BRAIN IMAGES BACKUP/FOURTH BATCH 2018/Rs tetrazol Glycine (RsT) Run 1 21 aug 2018/31.25microM F1 heart beat fine,False,train
-1.5903643,2.808981,2,NMDAR_Activation,umap,15,0.1,80,4,(RS)-(Tetrazol-5-yl)glycine,2,mid,NMDAR_Activation,(RS)-(Tetrazol-5-yl)glycine,mid,31.25 uM,/mnt/tyler/Matt Winter/BRAIN IMAGES BACKUP/FOURTH BATCH 2018/Rs tetrazol Glycine (RsT) Run 1 21 aug 2018/31.25microM F3 bright but heart beat good,False,train
-1.9729563,3.5053344,2,NMDAR_Activation,umap,15,0.1,81,4,(RS)-(Tetrazol-5-yl)glycine,2,mid,NMDAR_Activation,(RS)-(Tetrazol-5-yl)glycine,mid,31.25 uM,/mnt/tyler/Matt Winter/BRAIN IMAGES BACKUP/FOURTH BATCH 2018/Rs tetrazol Glycine (RsT) Run 1 21 aug 2018/31.25microM F4 bright throughout but heart beat good,False,train
-1.8163283,2.6820855,2,NMDAR_Activation,umap,15,0.1,82,4,(RS)-(Tetrazol-5-yl)glycine,2,mid,NMDAR_Activation,(RS)-(Tetrazol-5-yl)glycine,mid,31.25 uM,/mnt/tyler/Matt Winter/BRAIN IMAGES BACKUP/FOURTH BATCH 2018/Rs tetrazol Glycine (RsT) Run 1 21 aug 2018/31.25microM F5,False,train
10.164185,7.1888046,0,Water,umap,15,0.1,83,0,Control,0,control,NMDAR_Activation,(RS)-(Tetrazol-5-yl)glycine,control,control,/mnt/tyler/Matt Winter/BRAIN IMAGES BACKUP/FOURTH BATCH 2018/Rs tetrazol Glycine (RsT) Run 1 21 aug 2018/Water F1,True,train
11.52371,8.207161,0,Water,umap,15,0.1,86,0,Control,0,control,NMDAR_Activation,(RS)-(Tetrazol-5-yl)glycine,control,control,/mnt/tyler/Matt Winter/BRAIN IMAGES BACKUP/FOURTH BATCH 2018/Rs tetrazol Glycine (RsT) Run 1 21 aug 2018/water F2,True,train
9.225037,1.2139914,0,Water,umap,15,0.1,88,0,Control,0,control,NMDAR_Activation,(RS)-(Tetrazol-5-yl)glycine,control,control,/mnt/tyler/Matt Winter/BRAIN IMAGES BACKUP/FOURTH BATCH 2018/Rs tetrazol Glycine (RsT) Run 2 24 Aug 2018/Water F2.2,True,train
9.216728,7.4978757,0,Water,umap,15,0.1,89,0,Control,0,control,NMDAR_Activation,(RS)-(Tetrazol-5-yl)glycine,control,control,/mnt/tyler/Matt Winter/BRAIN IMAGES BACKUP/FOURTH BATCH 2018/Rs tetrazol Glycine (RsT) Run 2 24 Aug 2018/Water F2.3,True,train
13.598851,8.604152,0,Water,umap,15,0.1,90,0,Control,0,control,NMDAR_Activation,(RS)-(Tetrazol-5-yl)glycine,control,control,/mnt/tyler/Matt Winter/BRAIN IMAGES BACKUP/FOURTH BATCH 2018/Rs tetrazol Glycine (RsT) Run 2 24 Aug 2018/Water F2.4,True,train
7.865078,8.237157,2,NMDAR_Activation,umap,15,0.1,93,5,Cis-ACPD,1,high,NMDAR_Activation,Cis-ACPD,high,1 mM,/mnt/tyler/Matt Winter/BRAIN IMAGES BACKUP/FOURTH BATCH 2018/CisACPD Run 1 21 May 2018/1mM F3,False,train
11.107143,11.750742,2,NMDAR_Activation,umap,15,0.1,94,5,Cis-ACPD,1,high,NMDAR_Activation,Cis-ACPD,high,1 mM,/mnt/tyler/Matt Winter/BRAIN IMAGES BACKUP/FOURTH BATCH 2018/CisACPD Run 1 21 May 2018/1mM F4,False,train
11.863753,6.5139103,2,NMDAR_Activation,umap,15,0.1,96,5,Cis-ACPD,1,high,NMDAR_Activation,Cis-ACPD,high,1 mM,/mnt/tyler/Matt Winter/BRAIN IMAGES BACKUP/FOURTH BATCH 2018/CisACPD Run 2 4 June 2018/1mM F2.4,False,train
10.967328,11.8578205,2,NMDAR_Activation,umap,15,0.1,98,5,Cis-ACPD,1,high,NMDAR_Activation,Cis-ACPD,high,1 mM,/mnt/tyler/Matt Winter/BRAIN IMAGES BACKUP/FOURTH BATCH 2018/CisACPD Run 2 4 June 2018/1mm f2.3,False,train
9.333591,7.1370354,2,NMDAR_Activation,umap,15,0.1,100,5,Cis-ACPD,2,mid,NMDAR_Activation,Cis-ACPD,mid,0.5 mM,/mnt/tyler/Matt Winter/BRAIN IMAGES BACKUP/FOURTH BATCH 2018/CisACPD Run 1 21 May 2018/0.5mM F2,False,train
10.932957,3.4035697,2,NMDAR_Activation,umap,15,0.1,101,5,Cis-ACPD,2,mid,NMDAR_Activation,Cis-ACPD,mid,0.5 mM,/mnt/tyler/Matt Winter/BRAIN IMAGES BACKUP/FOURTH BATCH 2018/CisACPD Run 1 21 May 2018/0.5mM F3,False,train
13.508034,11.166952,2,NMDAR_Activation,umap,15,0.1,102,5,Cis-ACPD,2,mid,NMDAR_Activation,Cis-ACPD,mid,0.5 mM,/mnt/tyler/Matt Winter/BRAIN IMAGES BACKUP/FOURTH BATCH 2018/CisACPD Run 1 21 May 2018/0.5mM F4,False,train
13.672777,9.175538,2,NMDAR_Activation,umap,15,0.1,103,5,Cis-ACPD,2,mid,NMDAR_Activation,Cis-ACPD,mid,0.5 mM,/mnt/tyler/Matt Winter/BRAIN IMAGES BACKUP/FOURTH BATCH 2018/CisACPD Run 2 4 June 2018/0.5mM F2.1,False,train
10.581579,11.941799,2,NMDAR_Activation,umap,15,0.1,105,5,Cis-ACPD,2,mid,NMDAR_Activation,Cis-ACPD,mid,0.5 mM,/mnt/tyler/Matt Winter/BRAIN IMAGES BACKUP/FOURTH BATCH 2018/CisACPD Run 2 4 June 2018/0.5mM F2.5,False,train
10.111717,1.0513577,0,Water,umap,15,0.1,106,0,Control,0,control,NMDAR_Activation,Cis-ACPD,control,control,/mnt/tyler/Matt Winter/BRAIN IMAGES BACKUP/FOURTH BATCH 2018/CisACPD Run 1 21 May 2018/Water F1,True,train
12.5281315,6.409401,0,Water,umap,15,0.1,107,0,Control,0,control,NMDAR_Activation,Cis-ACPD,control,control,/mnt/tyler/Matt Winter/BRAIN IMAGES BACKUP/FOURTH BATCH 2018/CisACPD Run 1 21 May 2018/Water F3,True,train
11.66512,6.2523146,0,Water,umap,15,0.1,108,0,Control,0,control,NMDAR_Activation,Cis-ACPD,control,control,/mnt/tyler/Matt Winter/BRAIN IMAGES BACKUP/FOURTH BATCH 2018/CisACPD Run 1 21 May 2018/Water F4,True,train
13.134959,11.1069355,0,Water,umap,15,0.1,109,0,Control,0,control,NMDAR_Activation,Cis-ACPD,control,control,/mnt/tyler/Matt Winter/BRAIN IMAGES BACKUP/FOURTH BATCH 2018/CisACPD Run 1 21 May 2018/Water F5 run from zero,True,train
12.58623,7.52033,0,Water,umap,15,0.1,112,0,Control,0,control,NMDAR_Activation,Cis-ACPD,control,control,/mnt/tyler/Matt Winter/BRAIN IMAGES BACKUP/FOURTH BATCH 2018/CisACPD Run 2 4 June 2018/Water F2.4,True,train
9.109361,7.5600667,0,Water,umap,15,0.1,114,0,Control,0,control,NMDAR_Activation,Cis-ACPD,control,control,/mnt/tyler/Matt Winter/BRAIN IMAGES BACKUP/FOURTH BATCH 2018/CisACPD Run 2 4 June 2018/water F2.2,True,train
-1.8885378,3.6805086,2,NMDAR_Activation,umap,15,0.1,115,6,N-methyl-D-aspartate,1,high,NMDAR_Activation,N-methyl-D-aspartate,high,2 mM,/mnt/tyler/Matt Winter/BRAIN IMAGES BACKUP/SECOND BATCH convulsants/NMDA 16 Dec 2016/2mM F1.1,False,train
-1.794786,4.101056,2,NMDAR_Activation,umap,15,0.1,116,6,N-methyl-D-aspartate,1,high,NMDAR_Activation,N-methyl-D-aspartate,high,2 mM,/mnt/tyler/Matt Winter/BRAIN IMAGES BACKUP/SECOND BATCH convulsants/NMDA 16 Dec 2016/2mM F1.2,False,train
-1.91045,3.9936333,2,NMDAR_Activation,umap,15,0.1,119,6,N-methyl-D-aspartate,1,high,NMDAR_Activation,N-methyl-D-aspartate,high,2 mM,/mnt/tyler/Matt Winter/BRAIN IMAGES BACKUP/SECOND BATCH convulsants/NMDA 16 Jan 2017/2mM NMDA F1,False,train
-1.8033947,4.1072793,2,NMDAR_Activation,umap,15,0.1,120,6,N-methyl-D-aspartate,1,high,NMDAR_Activation,N-methyl-D-aspartate,high,2 mM,/mnt/tyler/Matt Winter/BRAIN IMAGES BACKUP/SECOND BATCH convulsants/NMDA 16 Jan 2017/2mM NMDA F2,False,train
-1.9952456,3.5597265,2,NMDAR_Activation,umap,15,0.1,122,6,N-methyl-D-aspartate,1,high,NMDAR_Activation,N-methyl-D-aspartate,high,2 mM,/mnt/tyler/Matt Winter/BRAIN IMAGES BACKUP/SECOND BATCH convulsants/NMDA 16 Jan 2017/2mM NMDA F4,False,train
-1.8180612,3.788001,2,NMDAR_Activation,umap,15,0.1,123,6,N-methyl-D-aspartate,2,mid,NMDAR_Activation,N-methyl-D-aspartate,mid,1 mM,/mnt/tyler/Matt Winter/BRAIN IMAGES BACKUP/SECOND BATCH convulsants/NMDA 16 Dec 2016/1mM F1.1,False,train
12.015267,11.754299,2,NMDAR_Activation,umap,15,0.1,124,6,N-methyl-D-aspartate,2,mid,NMDAR_Activation,N-methyl-D-aspartate,mid,1 mM,/mnt/tyler/Matt Winter/BRAIN IMAGES BACKUP/SECOND BATCH convulsants/NMDA 16 Dec 2016/1mM F1.2,False,train
6.5832233,7.5287905,2,NMDAR_Activation,umap,15,0.1,127,6,N-methyl-D-aspartate,2,mid,NMDAR_Activation,N-methyl-D-aspartate,mid,1 mM,/mnt/tyler/Matt Winter/BRAIN IMAGES BACKUP/SECOND BATCH convulsants/NMDA 16 Dec 2016/1mM F1.6,False,train
-2.011323,3.6697602,2,NMDAR_Activation,umap,15,0.1,128,6,N-methyl-D-aspartate,2,mid,NMDAR_Activation,N-methyl-D-aspartate,mid,1 mM,/mnt/tyler/Matt Winter/BRAIN IMAGES BACKUP/SECOND BATCH convulsants/NMDA 16 Jan 2017/1mM NMDA F1,False,train
10.299212,1.8425813,0,Water,umap,15,0.1,129,0,Control,0,control,NMDAR_Activation,N-methyl-D-aspartate,control,control,/mnt/tyler/Matt Winter/BRAIN IMAGES BACKUP/SECOND BATCH convulsants/NMDA 16 Dec 2016/water F1.1,True,train
11.3256445,8.080631,0,Water,umap,15,0.1,130,0,Control,0,control,NMDAR_Activation,N-methyl-D-aspartate,control,control,/mnt/tyler/Matt Winter/BRAIN IMAGES BACKUP/SECOND BATCH convulsants/NMDA 16 Dec 2016/water F1.2,True,train
7.455841,7.648616,0,Water,umap,15,0.1,131,0,Control,0,control,NMDAR_Activation,N-methyl-D-aspartate,control,control,/mnt/tyler/Matt Winter/BRAIN IMAGES BACKUP/SECOND BATCH convulsants/NMDA 16 Dec 2016/water F1.3,True,train
8.212326,7.723383,0,Water,umap,15,0.1,136,0,Control,0,control,NMDAR_Activation,N-methyl-D-aspartate,control,control,/mnt/tyler/Matt Winter/BRAIN IMAGES BACKUP/SECOND BATCH convulsants/NMDA 16 Jan 2017/Water F4,True,train
8.629493,7.771211,3,AChE_Inhibitor_Reversible,umap,15,0.1,139,7,Donepezil,1,high,AChE_Inhibitor_Reversible,Donepezil,high,125 uM,/mnt/tyler/Matt Winter/BRAIN IMAGES BACKUP/SECOND BATCH convulsants/Donepezil 8 Dec 2016/125microM Don F1.4,False,train
11.888597,11.830592,3,AChE_Inhibitor_Reversible,umap,15,0.1,142,7,Donepezil,1,high,AChE_Inhibitor_Reversible,Donepezil,high,125 uM,/mnt/tyler/Matt Winter/BRAIN IMAGES BACKUP/SECOND BATCH convulsants/Donepezil 9 Dec 2016/125microM Don F2.2,False,train
8.267985,8.098112,3,AChE_Inhibitor_Reversible,umap,15,0.1,143,7,Donepezil,1,high,AChE_Inhibitor_Reversible,Donepezil,high,125 uM,/mnt/tyler/Matt Winter/BRAIN IMAGES BACKUP/SECOND BATCH convulsants/Donepezil 9 Dec 2016/125microM Don F2.3,False,train
1.3244387,8.945155,3,AChE_Inhibitor_Reversible,umap,15,0.1,144,7,Donepezil,1,high,AChE_Inhibitor_Reversible,Donepezil,high,125 uM,/mnt/tyler/Matt Winter/BRAIN IMAGES BACKUP/SECOND BATCH convulsants/Donepezil 9 Dec 2016/125microM Don F2.4,False,train
11.582121,8.315534,3,AChE_Inhibitor_Reversible,umap,15,0.1,145,7,Donepezil,2,mid,AChE_Inhibitor_Reversible,Donepezil,mid,62.5 uM,/mnt/tyler/Matt Winter/BRAIN IMAGES BACKUP/SECOND BATCH convulsants/Donepezil 8 Dec 2016/62.5microM Don F1.1,False,train
6.8437185,7.6349025,3,AChE_Inhibitor_Reversible,umap,15,0.1,146,7,Donepezil,2,mid,AChE_Inhibitor_Reversible,Donepezil,mid,62.5 uM,/mnt/tyler/Matt Winter/BRAIN IMAGES BACKUP/SECOND BATCH convulsants/Donepezil 8 Dec 2016/62.5microM Don F1.2,False,train
13.426188,11.444074,3,AChE_Inhibitor_Reversible,umap,15,0.1,147,7,Donepezil,2,mid,AChE_Inhibitor_Reversible,Donepezil,mid,62.5 uM,/mnt/tyler/Matt Winter/BRAIN IMAGES BACKUP/SECOND BATCH convulsants/Donepezil 8 Dec 2016/62.5microM Don F1.5,False,train
11.282346,11.785531,3,AChE_Inhibitor_Reversible,umap,15,0.1,149,7,Donepezil,2,mid,AChE_Inhibitor_Reversible,Donepezil,mid,62.5 uM,/mnt/tyler/Matt Winter/BRAIN IMAGES BACKUP/SECOND BATCH convulsants/Donepezil 9 Dec 2016/62.5microM Don F2.2,False,train
12.012192,11.822037,3,AChE_Inhibitor_Reversible,umap,15,0.1,150,7,Donepezil,2,mid,AChE_Inhibitor_Reversible,Donepezil,mid,62.5 uM,/mnt/tyler/Matt Winter/BRAIN IMAGES BACKUP/SECOND BATCH convulsants/Donepezil 9 Dec 2016/62.5microM Don F2.4,False,train
13.062515,11.553161,0,Water,umap,15,0.1,155,0,Control,0,control,AChE_Inhibitor_Reversible,Donepezil,control,control,/mnt/tyler/Matt Winter/BRAIN IMAGES BACKUP/SECOND BATCH convulsants/Donepezil 8 Dec 2016/Water Don F1.3,True,train
8.958168,1.2920712,0,Water,umap,15,0.1,156,0,Control,0,control,AChE_Inhibitor_Reversible,Donepezil,control,control,/mnt/tyler/Matt Winter/BRAIN IMAGES BACKUP/SECOND BATCH convulsants/Donepezil 8 Dec 2016/Water Don F1.5,True,train
13.860495,9.60595,0,Water,umap,15,0.1,157,0,Control,0,control,AChE_Inhibitor_Reversible,Donepezil,control,control,/mnt/tyler/Matt Winter/BRAIN IMAGES BACKUP/SECOND BATCH convulsants/Donepezil 9 Dec 2016/Water Don F2.3,True,train
13.273736,11.608478,0,Water,umap,15,0.1,158,0,Control,0,control,AChE_Inhibitor_Reversible,Donepezil,control,control,/mnt/tyler/Matt Winter/BRAIN IMAGES BACKUP/SECOND BATCH convulsants/Donepezil 9 Dec 2016/Water Don F2.5,True,train
10.030978,1.1270609,3,AChE_Inhibitor_Reversible,umap,15,0.1,160,8,Galantamine,1,high,AChE_Inhibitor_Reversible,Galantamine,high,1 mM,/mnt/tyler/Matt Winter/BRAIN IMAGES BACKUP/FOURTH BATCH 2018/Galantamine Run 1 28 sept 2018/1mM F1,False,train
11.496158,8.194018,3,AChE_Inhibitor_Reversible,umap,15,0.1,161,8,Galantamine,1,high,AChE_Inhibitor_Reversible,Galantamine,high,1 mM,/mnt/tyler/Matt Winter/BRAIN IMAGES BACKUP/FOURTH BATCH 2018/Galantamine Run 1 28 sept 2018/1mM F2,False,train
6.7260275,7.53418,3,AChE_Inhibitor_Reversible,umap,15,0.1,163,8,Galantamine,1,high,AChE_Inhibitor_Reversible,Galantamine,high,1 mM,/mnt/tyler/Matt Winter/BRAIN IMAGES BACKUP/FOURTH BATCH 2018/Galantamine Run 1 28 sept 2018/1mM f3,False,train
13.021554,6.9580784,3,AChE_Inhibitor_Reversible,umap,15,0.1,164,8,Galantamine,1,high,AChE_Inhibitor_Reversible,Galantamine,high,1 mM,/mnt/tyler/Matt Winter/BRAIN IMAGES BACKUP/FOURTH BATCH 2018/Galantamine Run 2 1 Oct 2018/1mM F2.1,False,train
13.515354,8.347161,3,AChE_Inhibitor_Reversible,umap,15,0.1,166,8,Galantamine,1,high,AChE_Inhibitor_Reversible,Galantamine,high,1 mM,/mnt/tyler/Matt Winter/BRAIN IMAGES BACKUP/FOURTH BATCH 2018/Galantamine Run 2 1 Oct 2018/1mM F2.5,False,train
13.683186,10.959394,3,AChE_Inhibitor_Reversible,umap,15,0.1,167,8,Galantamine,1,high,AChE_Inhibitor_Reversible,Galantamine,high,1 mM,/mnt/tyler/Matt Winter/BRAIN IMAGES BACKUP/FOURTH BATCH 2018/Galantamine Run 2 1 Oct 2018/1mM f2.2,False,train
12.356256,7.6628532,3,AChE_Inhibitor_Reversible,umap,15,0.1,170,8,Galantamine,2,mid,AChE_Inhibitor_Reversible,Galantamine,mid,0.5 mM,/mnt/tyler/Matt Winter/BRAIN IMAGES BACKUP/FOURTH BATCH 2018/Galantamine Run 1 28 sept 2018/0.5mM F4,False,train
9.106965,7.5179315,3,AChE_Inhibitor_Reversible,umap,15,0.1,171,8,Galantamine,2,mid,AChE_Inhibitor_Reversible,Galantamine,mid,0.5 mM,/mnt/tyler/Matt Winter/BRAIN IMAGES BACKUP/FOURTH BATCH 2018/Galantamine Run 1 28 sept 2018/0.5mM f1,False,train
8.958343,7.5677576,3,AChE_Inhibitor_Reversible,umap,15,0.1,174,8,Galantamine,2,mid,AChE_Inhibitor_Reversible,Galantamine,mid,0.5 mM,/mnt/tyler/Matt Winter/BRAIN IMAGES BACKUP/FOURTH BATCH 2018/Galantamine Run 2 1 Oct 2018/0.5mM F2.3,False,train
13.488063,8.334616,0,Water,umap,15,0.1,176,0,Control,0,control,AChE_Inhibitor_Reversible,Galantamine,control,control,/mnt/tyler/Matt Winter/BRAIN IMAGES BACKUP/FOURTH BATCH 2018/Galantamine Run 1 28 sept 2018/Water F1,True,train
13.627775,9.02763,0,Water,umap,15,0.1,180,0,Control,0,control,AChE_Inhibitor_Reversible,Galantamine,control,control,/mnt/tyler/Matt Winter/BRAIN IMAGES BACKUP/FOURTH BATCH 2018/Galantamine Run 2 1 Oct 2018/Water F2.4,True,train
10.78202,3.1310477,0,Water,umap,15,0.1,181,0,Control,0,control,AChE_Inhibitor_Reversible,Galantamine,control,control,/mnt/tyler/Matt Winter/BRAIN IMAGES BACKUP/FOURTH BATCH 2018/Galantamine Run 2 1 Oct 2018/Water F2.5,True,train
9.641949,7.499409,0,Water,umap,15,0.1,182,0,Control,0,control,AChE_Inhibitor_Reversible,Galantamine,control,control,/mnt/tyler/Matt Winter/BRAIN IMAGES BACKUP/FOURTH BATCH 2018/Galantamine Run 2 1 Oct 2018/Water f2.1,True,train
13.438643,8.267543,0,Water,umap,15,0.1,183,0,Control,0,control,AChE_Inhibitor_Reversible,Galantamine,control,control,/mnt/tyler/Matt Winter/BRAIN IMAGES BACKUP/FOURTH BATCH 2018/Galantamine Run 2 1 Oct 2018/water f2.2,True,train
10.433742,2.3391185,3,AChE_Inhibitor_Reversible,umap,15,0.1,184,9,Phenserine,1,high,AChE_Inhibitor_Reversible,Phenserine,high,125 uM,/mnt/tyler/Matt Winter/BRAIN IMAGES BACKUP/FOURTH BATCH 2018/Phenserine Run 1 9 July 2018 not processed yet/125microM F2,False,train
13.471655,9.849063,3,AChE_Inhibitor_Reversible,umap,15,0.1,185,9,Phenserine,1,high,AChE_Inhibitor_Reversible,Phenserine,high,125 uM,/mnt/tyler/Matt Winter/BRAIN IMAGES BACKUP/FOURTH BATCH 2018/Phenserine Run 1 9 July 2018 not processed yet/125microM F3,False,train
12.810137,11.120868,3,AChE_Inhibitor_Reversible,umap,15,0.1,186,9,Phenserine,1,high,AChE_Inhibitor_Reversible,Phenserine,high,125 uM,/mnt/tyler/Matt Winter/BRAIN IMAGES BACKUP/FOURTH BATCH 2018/Phenserine Run 1 9 July 2018 not processed yet/125microM f1,False,train
8.817846,7.7156887,3,AChE_Inhibitor_Reversible,umap,15,0.1,187,9,Phenserine,1,high,AChE_Inhibitor_Reversible,Phenserine,high,125 uM,/mnt/tyler/Matt Winter/BRAIN IMAGES BACKUP/FOURTH BATCH 2018/Phenserine Run 1 9 July 2018 not processed yet/125microM f4,False,train
10.835527,3.2780488,3,AChE_Inhibitor_Reversible,umap,15,0.1,188,9,Phenserine,1,high,AChE_Inhibitor_Reversible,Phenserine,high,125 uM,/mnt/tyler/Matt Winter/BRAIN IMAGES BACKUP/FOURTH BATCH 2018/Phenserine Run 2 13 July 2018 not processed yet/125microM F2.1,False,train
11.772764,6.708794,3,AChE_Inhibitor_Reversible,umap,15,0.1,193,9,Phenserine,2,mid,AChE_Inhibitor_Reversible,Phenserine,mid,62.5 uM,/mnt/tyler/Matt Winter/BRAIN IMAGES BACKUP/FOURTH BATCH 2018/Phenserine Run 1 9 July 2018 not processed yet/62.5microM F2,False,train
13.563612,9.970867,3,AChE_Inhibitor_Reversible,umap,15,0.1,194,9,Phenserine,2,mid,AChE_Inhibitor_Reversible,Phenserine,mid,62.5 uM,/mnt/tyler/Matt Winter/BRAIN IMAGES BACKUP/FOURTH BATCH 2018/Phenserine Run 1 9 July 2018 not processed yet/62.5microM F3,False,train
9.912251,1.5257264,3,AChE_Inhibitor_Reversible,umap,15,0.1,195,9,Phenserine,2,mid,AChE_Inhibitor_Reversible,Phenserine,mid,62.5 uM,/mnt/tyler/Matt Winter/BRAIN IMAGES BACKUP/FOURTH BATCH 2018/Phenserine Run 2 13 July 2018 not processed yet/62.5microM F2.2,False,train
13.843198,10.256163,3,AChE_Inhibitor_Reversible,umap,15,0.1,196,9,Phenserine,2,mid,AChE_Inhibitor_Reversible,Phenserine,mid,62.5 uM,/mnt/tyler/Matt Winter/BRAIN IMAGES BACKUP/FOURTH BATCH 2018/Phenserine Run 2 13 July 2018 not processed yet/62.5microM F2.5,False,train
11.621939,8.224798,3,AChE_Inhibitor_Reversible,umap,15,0.1,197,9,Phenserine,2,mid,AChE_Inhibitor_Reversible,Phenserine,mid,62.5 uM,/mnt/tyler/Matt Winter/BRAIN IMAGES BACKUP/FOURTH BATCH 2018/Phenserine Run 2 13 July 2018 not processed yet/62.5microM F2.6,False,train
13.657532,10.139858,0,Water,umap,15,0.1,201,0,Control,0,control,AChE_Inhibitor_Reversible,Phenserine,control,control,/mnt/tyler/Matt Winter/BRAIN IMAGES BACKUP/FOURTH BATCH 2018/Phenserine Run 1 9 July 2018 not processed yet/water F3,True,train
9.339839,7.2317734,0,Water,umap,15,0.1,203,0,Control,0,control,AChE_Inhibitor_Reversible,Phenserine,control,control,/mnt/tyler/Matt Winter/BRAIN IMAGES BACKUP/FOURTH BATCH 2018/Phenserine Run 2 13 July 2018 not processed yet/Water F2.1,True,train
11.660179,6.9939537,0,Water,umap,15,0.1,206,0,Control,0,control,AChE_Inhibitor_Reversible,Phenserine,control,control,/mnt/tyler/Matt Winter/BRAIN IMAGES BACKUP/FOURTH BATCH 2018/Phenserine Run 2 13 July 2018 not processed yet/Water f2.3 ROIS AND RUN,True,train
12.162215,6.179077,4,mAChR_Agonist_NonSelective,umap,15,0.1,208,10,Bethanechol,1,high,mAChR_Agonist_NonSelective,Bethanechol,high,1 mM,/mnt/tyler/Matt Winter/BRAIN IMAGES BACKUP/FOURTH BATCH 2018/Bethanechol Run 1 23 April 2018/1mM F2,False,train
13.466751,9.914102,4,mAChR_Agonist_NonSelective,umap,15,0.1,209,10,Bethanechol,1,high,mAChR_Agonist_NonSelective,Bethanechol,high,1 mM,/mnt/tyler/Matt Winter/BRAIN IMAGES BACKUP/FOURTH BATCH 2018/Bethanechol Run 1 23 April 2018/1mM F3,False,train
9.451464,7.367437,4,mAChR_Agonist_NonSelective,umap,15,0.1,210,10,Bethanechol,1,high,mAChR_Agonist_NonSelective,Bethanechol,high,1 mM,/mnt/tyler/Matt Winter/BRAIN IMAGES BACKUP/FOURTH BATCH 2018/Bethanechol Run 1 23 April 2018/1mM F4,False,train
13.667777,8.950238,4,mAChR_Agonist_NonSelective,umap,15,0.1,211,10,Bethanechol,1,high,mAChR_Agonist_NonSelective,Bethanechol,high,1 mM,/mnt/tyler/Matt Winter/BRAIN IMAGES BACKUP/FOURTH BATCH 2018/Bethanechol Run 2 30 APril 2018/1mM F2.1,False,train
12.657981,6.5375304,4,mAChR_Agonist_NonSelective,umap,15,0.1,213,10,Bethanechol,1,high,mAChR_Agonist_NonSelective,Bethanechol,high,1 mM,/mnt/tyler/Matt Winter/BRAIN IMAGES BACKUP/FOURTH BATCH 2018/Bethanechol Run 2 30 APril 2018/1mM F2.3,False,train
12.3475065,6.214324,4,mAChR_Agonist_NonSelective,umap,15,0.1,214,10,Bethanechol,1,high,mAChR_Agonist_NonSelective,Bethanechol,high,1 mM,/mnt/tyler/Matt Winter/BRAIN IMAGES BACKUP/FOURTH BATCH 2018/Bethanechol Run 2 30 APril 2018/1mM F2.4,False,train
10.286622,1.4150301,4,mAChR_Agonist_NonSelective,umap,15,0.1,215,10,Bethanechol,2,mid,mAChR_Agonist_NonSelective,Bethanechol,mid,0.5 mM,/mnt/tyler/Matt Winter/BRAIN IMAGES BACKUP/FOURTH BATCH 2018/Bethanechol Run 1 23 April 2018/0.5mM F1,False,train
10.637544,2.72947,4,mAChR_Agonist_NonSelective,umap,15,0.1,216,10,Bethanechol,2,mid,mAChR_Agonist_NonSelective,Bethanechol,mid,0.5 mM,/mnt/tyler/Matt Winter/BRAIN IMAGES BACKUP/FOURTH BATCH 2018/Bethanechol Run 1 23 April 2018/0.5mM F2,False,train
10.520799,2.453258,4,mAChR_Agonist_NonSelective,umap,15,0.1,217,10,Bethanechol,2,mid,mAChR_Agonist_NonSelective,Bethanechol,mid,0.5 mM,/mnt/tyler/Matt Winter/BRAIN IMAGES BACKUP/FOURTH BATCH 2018/Bethanechol Run 1 23 April 2018/0.5mM F3,False,train
12.882371,11.689497,4,mAChR_Agonist_NonSelective,umap,15,0.1,219,10,Bethanechol,2,mid,mAChR_Agonist_NonSelective,Bethanechol,mid,0.5 mM,/mnt/tyler/Matt Winter/BRAIN IMAGES BACKUP/FOURTH BATCH 2018/Bethanechol Run 2 30 APril 2018/0.5mM F1.2,False,train
13.031353,7.0713196,4,mAChR_Agonist_NonSelective,umap,15,0.1,220,10,Bethanechol,2,mid,mAChR_Agonist_NonSelective,Bethanechol,mid,0.5 mM,/mnt/tyler/Matt Winter/BRAIN IMAGES BACKUP/FOURTH BATCH 2018/Bethanechol Run 2 30 APril 2018/0.5mM F2.2,False,train
10.413195,2.1033578,4,mAChR_Agonist_NonSelective,umap,15,0.1,222,10,Bethanechol,2,mid,mAChR_Agonist_NonSelective,Bethanechol,mid,0.5 mM,/mnt/tyler/Matt Winter/BRAIN IMAGES BACKUP/FOURTH BATCH 2018/Bethanechol Run 2 30 APril 2018/0.5mM F2.4,False,train
11.5890665,6.287,0,Water,umap,15,0.1,224,0,Control,0,control,mAChR_Agonist_NonSelective,Bethanechol,control,control,/mnt/tyler/Matt Winter/BRAIN IMAGES BACKUP/FOURTH BATCH 2018/Bethanechol Run 1 23 April 2018/Water F2,True,train
13.798851,9.817824,0,Water,umap,15,0.1,225,0,Control,0,control,mAChR_Agonist_NonSelective,Bethanechol,control,control,/mnt/tyler/Matt Winter/BRAIN IMAGES BACKUP/FOURTH BATCH 2018/Bethanechol Run 1 23 April 2018/Water F4,True,train
9.041941,7.3726788,0,Water,umap,15,0.1,226,0,Control,0,control,mAChR_Agonist_NonSelective,Bethanechol,control,control,/mnt/tyler/Matt Winter/BRAIN IMAGES BACKUP/FOURTH BATCH 2018/Bethanechol Run 1 23 April 2018/Water f3,True,train
11.589096,6.3706584,0,Water,umap,15,0.1,229,0,Control,0,control,mAChR_Agonist_NonSelective,Bethanechol,control,control,/mnt/tyler/Matt Winter/BRAIN IMAGES BACKUP/FOURTH BATCH 2018/Bethanechol Run 2 30 APril 2018/Water F2.4,True,train
10.313773,1.870214,0,Water,umap,15,0.1,230,0,Control,0,control,mAChR_Agonist_NonSelective,Bethanechol,control,control,/mnt/tyler/Matt Winter/BRAIN IMAGES BACKUP/FOURTH BATCH 2018/Bethanechol Run 2 30 APril 2018/Water F2.5,True,train
10.39116,1.2918152,4,mAChR_Agonist_NonSelective,umap,15,0.1,232,11,Muscarine,1,high,mAChR_Agonist_NonSelective,Muscarine,high,1 mM,/mnt/tyler/Matt Winter/BRAIN IMAGES BACKUP/FOURTH BATCH 2018/Muscarine Run 1 13 April 2018/1mM F2,False,train
13.330761,9.712699,4,mAChR_Agonist_NonSelective,umap,15,0.1,233,11,Muscarine,1,high,mAChR_Agonist_NonSelective,Muscarine,high,1 mM,/mnt/tyler/Matt Winter/BRAIN IMAGES BACKUP/FOURTH BATCH 2018/Muscarine Run 1 13 April 2018/1mM F3,False,train
10.421062,1.9413826,4,mAChR_Agonist_NonSelective,umap,15,0.1,235,11,Muscarine,1,high,mAChR_Agonist_NonSelective,Muscarine,high,1 mM,/mnt/tyler/Matt Winter/BRAIN IMAGES BACKUP/FOURTH BATCH 2018/Muscarine Run 2 16 April 2018/1mM F2.1,False,train
10.262962,1.6184785,4,mAChR_Agonist_NonSelective,umap,15,0.1,236,11,Muscarine,1,high,mAChR_Agonist_NonSelective,Muscarine,high,1 mM,/mnt/tyler/Matt Winter/BRAIN IMAGES BACKUP/FOURTH BATCH 2018/Muscarine Run 2 16 April 2018/1mM F2.2,False,train
12.053735,6.1233425,4,mAChR_Agonist_NonSelective,umap,15,0.1,237,11,Muscarine,1,high,mAChR_Agonist_NonSelective,Muscarine,high,1 mM,/mnt/tyler/Matt Winter/BRAIN IMAGES BACKUP/FOURTH BATCH 2018/Muscarine Run 2 16 April 2018/1mM F2.3,False,train
12.758028,6.9391594,4,mAChR_Agonist_NonSelective,umap,15,0.1,238,11,Muscarine,1,high,mAChR_Agonist_NonSelective,Muscarine,high,1 mM,/mnt/tyler/Matt Winter/BRAIN IMAGES BACKUP/FOURTH BATCH 2018/Muscarine Run 2 16 April 2018/1mM F2.4,False,train
9.582665,1.0240235,4,mAChR_Agonist_NonSelective,umap,15,0.1,242,11,Muscarine,2,mid,mAChR_Agonist_NonSelective,Muscarine,mid,0.5 mM,/mnt/tyler/Matt Winter/BRAIN IMAGES BACKUP/FOURTH BATCH 2018/Muscarine Run 1 13 April 2018/0.5mM F4,False,train
13.63625,8.787883,4,mAChR_Agonist_NonSelective,umap,15,0.1,244,11,Muscarine,2,mid,mAChR_Agonist_NonSelective,Muscarine,mid,0.5 mM,/mnt/tyler/Matt Winter/BRAIN IMAGES BACKUP/FOURTH BATCH 2018/Muscarine Run 2 16 April 2018/0.5mM F2.2,False,train
10.180824,1.1716485,4,mAChR_Agonist_NonSelective,umap,15,0.1,245,11,Muscarine,2,mid,mAChR_Agonist_NonSelective,Muscarine,mid,0.5 mM,/mnt/tyler/Matt Winter/BRAIN IMAGES BACKUP/FOURTH BATCH 2018/Muscarine Run 2 16 April 2018/0.5mM F2.3,False,train
9.470024,1.1604191,4,mAChR_Agonist_NonSelective,umap,15,0.1,246,11,Muscarine,2,mid,mAChR_Agonist_NonSelective,Muscarine,mid,0.5 mM,/mnt/tyler/Matt Winter/BRAIN IMAGES BACKUP/FOURTH BATCH 2018/Muscarine Run 2 16 April 2018/0.5mM F2.5,False,train
12.23847,7.741695,0,Water,umap,15,0.1,247,0,Control,0,control,mAChR_Agonist_NonSelective,Muscarine,control,control,/mnt/tyler/Matt Winter/BRAIN IMAGES BACKUP/FOURTH BATCH 2018/Muscarine Run 1 13 April 2018/Water F2,True,train
12.2056465,6.918733,0,Water,umap,15,0.1,249,0,Control,0,control,mAChR_Agonist_NonSelective,Muscarine,control,control,/mnt/tyler/Matt Winter/BRAIN IMAGES BACKUP/FOURTH BATCH 2018/Muscarine Run 1 13 April 2018/Water F4,True,train
10.226304,1.190774,0,Water,umap,15,0.1,251,0,Control,0,control,mAChR_Agonist_NonSelective,Muscarine,control,control,/mnt/tyler/Matt Winter/BRAIN IMAGES BACKUP/FOURTH BATCH 2018/Muscarine Run 2 16 April 2018/Water F2.3,True,train
8.757446,7.3062696,0,Water,umap,15,0.1,253,0,Control,0,control,mAChR_Agonist_NonSelective,Muscarine,control,control,/mnt/tyler/Matt Winter/BRAIN IMAGES BACKUP/FOURTH BATCH 2018/Muscarine Run 2 16 April 2018/Water F2.5,True,train
7.79061,1.3777639,4,mAChR_Agonist_NonSelective,umap,15,0.1,255,12,Pilocarpine,1,high,mAChR_Agonist_NonSelective,Pilocarpine,high,10 mM,/mnt/tyler/Matt Winter/BRAIN IMAGES BACKUP/FIRST BATCH convulsants/Brain_Imaging_Rerun_-_New_Alignment/Pilocarpine_0.4OD/10mM,False,train
8.24258,1.4155353,4,mAChR_Agonist_NonSelective,umap,15,0.1,260,12,Pilocarpine,1,high,mAChR_Agonist_NonSelective,Pilocarpine,high,5 mM,/mnt/tyler/Matt Winter/BRAIN IMAGES BACKUP/FOURTH BATCH 2018/Pilocarpine ReRun 2 12 Feb 2019/5mM f2.5,False,train
9.973837,1.1035674,4,mAChR_Agonist_NonSelective,umap,15,0.1,261,12,Pilocarpine,1,high,mAChR_Agonist_NonSelective,Pilocarpine,high,5 mM,/mnt/tyler/Matt Winter/BRAIN IMAGES BACKUP/FOURTH BATCH 2018/Pilocarpine repeat run 1 12 Feb 2019/5mM F1,False,train
7.4589133,7.647229,4,mAChR_Agonist_NonSelective,umap,15,0.1,262,12,Pilocarpine,1,high,mAChR_Agonist_NonSelective,Pilocarpine,high,5 mM,/mnt/tyler/Matt Winter/BRAIN IMAGES BACKUP/FOURTH BATCH 2018/Pilocarpine repeat run 1 12 Feb 2019/5mM F2,False,train
12.118646,7.8269544,4,mAChR_Agonist_NonSelective,umap,15,0.1,264,12,Pilocarpine,1,high,mAChR_Agonist_NonSelective,Pilocarpine,high,5 mM,/mnt/tyler/Matt Winter/BRAIN IMAGES BACKUP/FOURTH BATCH 2018/Pilocarpine repeat run 1 12 Feb 2019/5mM F5,False,train
7.7213893,1.3365755,4,mAChR_Agonist_NonSelective,umap,15,0.1,265,12,Pilocarpine,2,mid,mAChR_Agonist_NonSelective,Pilocarpine,mid,2.5 mM,/mnt/tyler/Matt Winter/BRAIN IMAGES BACKUP/FIRST BATCH convulsants/Brain_Imaging_Rerun_-_New_Alignment/Pilocarpine_0.4OD/2.5mM,False,train
7.666169,1.3029064,4,mAChR_Agonist_NonSelective,umap,15,0.1,266,12,Pilocarpine,2,mid,mAChR_Agonist_NonSelective,Pilocarpine,mid,5 mM,/mnt/tyler/Matt Winter/BRAIN IMAGES BACKUP/FIRST BATCH convulsants/Brain_Imaging_Rerun_-_New_Alignment/Pilocarpine_0.4OD/5mM,False,train
7.697232,1.3339766,0,Water,umap,15,0.1,271,0,Control,0,control,mAChR_Agonist_NonSelective,Pilocarpine,control,control,/mnt/tyler/Matt Winter/BRAIN IMAGES BACKUP/FIRST BATCH convulsants/Brain_Imaging_Rerun_-_New_Alignment/Pilocarpine_0.4OD/Control,True,train
7.2991643,7.683621,0,Water,umap,15,0.1,273,0,Control,0,control,mAChR_Agonist_NonSelective,Pilocarpine,control,control,/mnt/tyler/Matt Winter/BRAIN IMAGES BACKUP/FOURTH BATCH 2018/Pilocarpine ReRun 2 12 Feb 2019/Water F2.1,True,train
9.021645,7.630097,0,Water,umap,15,0.1,276,0,Control,0,control,mAChR_Agonist_NonSelective,Pilocarpine,control,control,/mnt/tyler/Matt Winter/BRAIN IMAGES BACKUP/FOURTH BATCH 2018/Pilocarpine ReRun 2 12 Feb 2019/Water F2.5,True,train
6.520854,7.4880633,0,Water,umap,15,0.1,278,0,Control,0,control,mAChR_Agonist_NonSelective,Pilocarpine,control,control,/mnt/tyler/Matt Winter/BRAIN IMAGES BACKUP/FOURTH BATCH 2018/Pilocarpine repeat run 1 12 Feb 2019/Water F4,True,train
11.343315,6.6619473,0,Water,umap,15,0.1,280,0,Control,0,control,mAChR_Agonist_NonSelective,Pilocarpine,control,control,/mnt/tyler/Matt Winter/BRAIN IMAGES BACKUP/FOURTH BATCH 2018/Pilocarpine repeat run 1 12 Feb 2019/water F5,True,train
13.865053,10.574296,1,GABAAR_Antagonist,umap,15,0.1,7,1,Bemegride,1,high,GABAAR_Antagonist,Bemegride,high,1 mM,/mnt/tyler/Matt Winter/BRAIN IMAGES BACKUP/THIRD BATCH convulsants/Bemegride run 2 7 6 17/1mM F2.4,False,validation
10.501569,11.959153,1,GABAAR_Antagonist,umap,15,0.1,11,1,Bemegride,2,mid,GABAAR_Antagonist,Bemegride,mid,0.5 mM,/mnt/tyler/Matt Winter/BRAIN IMAGES BACKUP/THIRD BATCH convulsants/Bemegride run 1 1 June 17/0.5mM F6 0-85% fine,False,validation
12.83292,11.251225,0,Water,umap,15,0.1,17,0,Control,0,control,GABAAR_Antagonist,Bemegride,control,control,/mnt/tyler/Matt Winter/BRAIN IMAGES BACKUP/THIRD BATCH convulsants/Bemegride run 1 1 June 17/Water F2,True,validation
1.0108126,8.3833,1,GABAAR_Antagonist,umap,15,0.1,25,2,Bicuculline,1,high,GABAAR_Antagonist,Bicuculline,high,250 uM,/mnt/tyler/Matt Winter/BRAIN IMAGES BACKUP/THIRD BATCH convulsants/Bicuculline run 1 24 5 17/250 microM F3,False,validation
0.59327215,8.225025,1,GABAAR_Antagonist,umap,15,0.1,26,2,Bicuculline,1,high,GABAAR_Antagonist,Bicuculline,high,250 uM,/mnt/tyler/Matt Winter/BRAIN IMAGES BACKUP/THIRD BATCH convulsants/Bicuculline run 1 24 5 17/250 microM F5,False,validation
0.5287036,8.618918,1,GABAAR_Antagonist,umap,15,0.1,30,2,Bicuculline,1,high,GABAAR_Antagonist,Bicuculline,high,250 uM,/mnt/tyler/Matt Winter/BRAIN IMAGES BACKUP/THIRD BATCH convulsants/Bicuculline run 2 25 5 17/250 microM F2.3,False,validation
6.2890053,7.3737183,1,GABAAR_Antagonist,umap,15,0.1,36,2,Bicuculline,2,mid,GABAAR_Antagonist,Bicuculline,mid,125 uM,/mnt/tyler/Matt Winter/BRAIN IMAGES BACKUP/THIRD BATCH convulsants/Bicuculline run 2 25 5 17/125 microM F2.2,False,validation
0.8951387,8.773951,0,Water,umap,15,0.1,41,0,Control,0,control,GABAAR_Antagonist,Bicuculline,control,control,/mnt/tyler/Matt Winter/BRAIN IMAGES BACKUP/THIRD BATCH convulsants/Bicuculline run 1 24 5 17/Water F4,True,validation
0.6036306,8.963126,0,Water,umap,15,0.1,45,0,Control,0,control,GABAAR_Antagonist,Bicuculline,control,control,/mnt/tyler/Matt Winter/BRAIN IMAGES BACKUP/THIRD BATCH convulsants/Bicuculline run 2 25 5 17/Water F2.4,True,validation
12.127949,11.566424,1,GABAAR_Antagonist,umap,15,0.1,57,3,Gabazine,2,mid,GABAAR_Antagonist,Gabazine,mid,0.25 mM,/mnt/tyler/Matt Winter/BRAIN IMAGES BACKUP/THIRD BATCH convulsants/Gabazine Run 1 7 July 2017/0.25mM F3,False,validation
-1.7283092,2.8934965,2,NMDAR_Activation,umap,15,0.1,74,4,(RS)-(Tetrazol-5-yl)glycine,1,high,NMDAR_Activation,(RS)-(Tetrazol-5-yl)glycine,high,62.5 uM,/mnt/tyler/Matt Winter/BRAIN IMAGES BACKUP/FOURTH BATCH 2018/Rs tetrazol Glycine (RsT) Run 2 24 Aug 2018/62.5microM F2.1,False,validation
-1.8676426,2.9978113,2,NMDAR_Activation,umap,15,0.1,75,4,(RS)-(Tetrazol-5-yl)glycine,1,high,NMDAR_Activation,(RS)-(Tetrazol-5-yl)glycine,high,62.5 uM,/mnt/tyler/Matt Winter/BRAIN IMAGES BACKUP/FOURTH BATCH 2018/Rs tetrazol Glycine (RsT) Run 2 24 Aug 2018/62.5microM F2.2,False,validation
7.9312305,7.649145,0,Water,umap,15,0.1,85,0,Control,0,control,NMDAR_Activation,(RS)-(Tetrazol-5-yl)glycine,control,control,/mnt/tyler/Matt Winter/BRAIN IMAGES BACKUP/FOURTH BATCH 2018/Rs tetrazol Glycine (RsT) Run 1 21 aug 2018/Water F4,True,validation
9.204544,7.4961095,0,Water,umap,15,0.1,87,0,Control,0,control,NMDAR_Activation,(RS)-(Tetrazol-5-yl)glycine,control,control,/mnt/tyler/Matt Winter/BRAIN IMAGES BACKUP/FOURTH BATCH 2018/Rs tetrazol Glycine (RsT) Run 2 24 Aug 2018/Water F2.1,True,validation
12.410568,7.966391,2,NMDAR_Activation,umap,15,0.1,92,5,Cis-ACPD,1,high,NMDAR_Activation,Cis-ACPD,high,1 mM,/mnt/tyler/Matt Winter/BRAIN IMAGES BACKUP/FOURTH BATCH 2018/CisACPD Run 1 21 May 2018/1mM F2,False,validation
12.75685,6.5830197,2,NMDAR_Activation,umap,15,0.1,95,5,Cis-ACPD,1,high,NMDAR_Activation,Cis-ACPD,high,1 mM,/mnt/tyler/Matt Winter/BRAIN IMAGES BACKUP/FOURTH BATCH 2018/CisACPD Run 2 4 June 2018/1mM F2.2,False,validation
13.801289,9.763501,2,NMDAR_Activation,umap,15,0.1,99,5,Cis-ACPD,2,mid,NMDAR_Activation,Cis-ACPD,mid,0.5 mM,/mnt/tyler/Matt Winter/BRAIN IMAGES BACKUP/FOURTH BATCH 2018/CisACPD Run 1 21 May 2018/0.5mM F1,False,validation
-1.7585435,3.4470704,2,NMDAR_Activation,umap,15,0.1,126,6,N-methyl-D-aspartate,2,mid,NMDAR_Activation,N-methyl-D-aspartate,mid,1 mM,/mnt/tyler/Matt Winter/BRAIN IMAGES BACKUP/SECOND BATCH convulsants/NMDA 16 Dec 2016/1mM F1.4,False,validation
9.156528,7.6486692,0,Water,umap,15,0.1,133,0,Control,0,control,NMDAR_Activation,N-methyl-D-aspartate,control,control,/mnt/tyler/Matt Winter/BRAIN IMAGES BACKUP/SECOND BATCH convulsants/NMDA 16 Jan 2017/Water F1,True,validation
10.496266,2.3635817,3,AChE_Inhibitor_Reversible,umap,15,0.1,137,7,Donepezil,1,high,AChE_Inhibitor_Reversible,Donepezil,high,125 uM,/mnt/tyler/Matt Winter/BRAIN IMAGES BACKUP/SECOND BATCH convulsants/Donepezil 8 Dec 2016/125microM Don F1.1,False,validation
6.2708535,7.485063,3,AChE_Inhibitor_Reversible,umap,15,0.1,141,7,Donepezil,1,high,AChE_Inhibitor_Reversible,Donepezil,high,125 uM,/mnt/tyler/Matt Winter/BRAIN IMAGES BACKUP/SECOND BATCH convulsants/Donepezil 9 Dec 2016/125microM Don F2.1,False,validation
13.834924,10.725449,3,AChE_Inhibitor_Reversible,umap,15,0.1,151,7,Donepezil,2,mid,AChE_Inhibitor_Reversible,Donepezil,mid,62.5 uM,/mnt/tyler/Matt Winter/BRAIN IMAGES BACKUP/SECOND BATCH convulsants/Donepezil 9 Dec 2016/62.5microM Don F2.5,False,validation
-1.7603668,4.187182,0,Water,umap,15,0.1,153,0,Control,0,control,AChE_Inhibitor_Reversible,Donepezil,control,control,/mnt/tyler/Matt Winter/BRAIN IMAGES BACKUP/SECOND BATCH convulsants/Donepezil 8 Dec 2016/Water Don F1.1 bright at end,True,validation
12.14598,11.572534,0,Water,umap,15,0.1,154,0,Control,0,control,AChE_Inhibitor_Reversible,Donepezil,control,control,/mnt/tyler/Matt Winter/BRAIN IMAGES BACKUP/SECOND BATCH convulsants/Donepezil 8 Dec 2016/Water Don F1.2,True,validation
6.517221,7.554836,0,Water,umap,15,0.1,159,0,Control,0,control,AChE_Inhibitor_Reversible,Donepezil,control,control,/mnt/tyler/Matt Winter/BRAIN IMAGES BACKUP/SECOND BATCH convulsants/Donepezil 9 Dec 2016/water Don F2.1,True,validation
13.219148,11.65571,3,AChE_Inhibitor_Reversible,umap,15,0.1,165,8,Galantamine,1,high,AChE_Inhibitor_Reversible,Galantamine,high,1 mM,/mnt/tyler/Matt Winter/BRAIN IMAGES BACKUP/FOURTH BATCH 2018/Galantamine Run 2 1 Oct 2018/1mM F2.3,False,validation
8.562745,7.3943295,3,AChE_Inhibitor_Reversible,umap,15,0.1,169,8,Galantamine,2,mid,AChE_Inhibitor_Reversible,Galantamine,mid,0.5 mM,/mnt/tyler/Matt Winter/BRAIN IMAGES BACKUP/FOURTH BATCH 2018/Galantamine Run 1 28 sept 2018/0.5mM F3,False,validation
12.059322,6.8153486,3,AChE_Inhibitor_Reversible,umap,15,0.1,172,8,Galantamine,2,mid,AChE_Inhibitor_Reversible,Galantamine,mid,0.5 mM,/mnt/tyler/Matt Winter/BRAIN IMAGES BACKUP/FOURTH BATCH 2018/Galantamine Run 2 1 Oct 2018/0.5mM F2.1,False,validation
12.079448,7.7228346,0,Water,umap,15,0.1,177,0,Control,0,control,AChE_Inhibitor_Reversible,Galantamine,control,control,/mnt/tyler/Matt Winter/BRAIN IMAGES BACKUP/FOURTH BATCH 2018/Galantamine Run 1 28 sept 2018/Water F2,True,validation
11.94283,7.1766324,0,Water,umap,15,0.1,179,0,Control,0,control,AChE_Inhibitor_Reversible,Galantamine,control,control,/mnt/tyler/Matt Winter/BRAIN IMAGES BACKUP/FOURTH BATCH 2018/Galantamine Run 1 28 sept 2018/Water F4,True,validation
12.824651,7.113724,3,AChE_Inhibitor_Reversible,umap,15,0.1,198,9,Phenserine,2,mid,AChE_Inhibitor_Reversible,Phenserine,mid,62.5 uM,/mnt/tyler/Matt Winter/BRAIN IMAGES BACKUP/FOURTH BATCH 2018/Phenserine Run 2 13 July 2018 not processed yet/62.5microm F2.1,False,validation
12.750869,6.6780543,4,mAChR_Agonist_NonSelective,umap,15,0.1,221,10,Bethanechol,2,mid,mAChR_Agonist_NonSelective,Bethanechol,mid,0.5 mM,/mnt/tyler/Matt Winter/BRAIN IMAGES BACKUP/FOURTH BATCH 2018/Bethanechol Run 2 30 APril 2018/0.5mM F2.3,False,validation
10.260229,1.1262301,0,Water,umap,15,0.1,227,0,Control,0,control,mAChR_Agonist_NonSelective,Bethanechol,control,control,/mnt/tyler/Matt Winter/BRAIN IMAGES BACKUP/FOURTH BATCH 2018/Bethanechol Run 2 30 APril 2018/Water F2.1,True,validation
9.5868845,7.529927,4,mAChR_Agonist_NonSelective,umap,15,0.1,231,11,Muscarine,1,high,mAChR_Agonist_NonSelective,Muscarine,high,1 mM,/mnt/tyler/Matt Winter/BRAIN IMAGES BACKUP/FOURTH BATCH 2018/Muscarine Run 1 13 April 2018/1mM F1,False,validation
9.231791,7.2747936,4,mAChR_Agonist_NonSelective,umap,15,0.1,234,11,Muscarine,1,high,mAChR_Agonist_NonSelective,Muscarine,high,1 mM,/mnt/tyler/Matt Winter/BRAIN IMAGES BACKUP/FOURTH BATCH 2018/Muscarine Run 1 13 April 2018/1mM F4,False,validation
13.760317,10.361115,4,mAChR_Agonist_NonSelective,umap,15,0.1,240,11,Muscarine,2,mid,mAChR_Agonist_NonSelective,Muscarine,mid,0.5 mM,/mnt/tyler/Matt Winter/BRAIN IMAGES BACKUP/FOURTH BATCH 2018/Muscarine Run 1 13 April 2018/0.5mM F2,False,validation
9.919174,7.132258,4,mAChR_Agonist_NonSelective,umap,15,0.1,241,11,Muscarine,2,mid,mAChR_Agonist_NonSelective,Muscarine,mid,0.5 mM,/mnt/tyler/Matt Winter/BRAIN IMAGES BACKUP/FOURTH BATCH 2018/Muscarine Run 1 13 April 2018/0.5mM F3,False,validation
9.286692,7.1682134,4,mAChR_Agonist_NonSelective,umap,15,0.1,243,11,Muscarine,2,mid,mAChR_Agonist_NonSelective,Muscarine,mid,0.5 mM,/mnt/tyler/Matt Winter/BRAIN IMAGES BACKUP/FOURTH BATCH 2018/Muscarine Run 2 16 April 2018/0.5mM F2.1,False,validation
13.189671,11.535558,0,Water,umap,15,0.1,252,0,Control,0,control,mAChR_Agonist_NonSelective,Muscarine,control,control,/mnt/tyler/Matt Winter/BRAIN IMAGES BACKUP/FOURTH BATCH 2018/Muscarine Run 2 16 April 2018/Water F2.4,True,validation
9.411897,1.1498444,4,mAChR_Agonist_NonSelective,umap,15,0.1,258,12,Pilocarpine,1,high,mAChR_Agonist_NonSelective,Pilocarpine,high,5 mM,/mnt/tyler/Matt Winter/BRAIN IMAGES BACKUP/FOURTH BATCH 2018/Pilocarpine ReRun 2 12 Feb 2019/5mM F2.2,False,validation
7.6820755,1.3251776,0,Water,umap,15,0.1,272,0,Control,0,control,mAChR_Agonist_NonSelective,Pilocarpine,control,control,/mnt/tyler/Matt Winter/BRAIN IMAGES BACKUP/FIRST BATCH convulsants/Brain_Imaging_Rerun_-_New_Alignment/Pilocarpine_Round2_0.4OD/Control,True,validation
8.559152,7.822387,0,Water,umap,15,0.1,274,0,Control,0,control,mAChR_Agonist_NonSelective,Pilocarpine,control,control,/mnt/tyler/Matt Winter/BRAIN IMAGES BACKUP/FOURTH BATCH 2018/Pilocarpine ReRun 2 12 Feb 2019/Water F2.2,True,validation
-1.54668,2.9593945,1,GABAAR_Antagonist,umap,15,0.1,0,1,Bemegride,1,high,GABAAR_Antagonist,Bemegride,high,1 mM,/mnt/tyler/Matt Winter/BRAIN IMAGES BACKUP/THIRD BATCH convulsants/Bemegride run 1 1 June 17/1mM F1,False,holdout
8.710235,1.5969303,1,GABAAR_Antagonist,umap,15,0.1,2,1,Bemegride,1,high,GABAAR_Antagonist,Bemegride,high,1 mM,/mnt/tyler/Matt Winter/BRAIN IMAGES BACKUP/THIRD BATCH convulsants/Bemegride run 1 1 June 17/1mM F3,False,holdout
9.091731,1.2515635,1,GABAAR_Antagonist,umap,15,0.1,3,1,Bemegride,1,high,GABAAR_Antagonist,Bemegride,high,1 mM,/mnt/tyler/Matt Winter/BRAIN IMAGES BACKUP/THIRD BATCH convulsants/Bemegride run 1 1 June 17/1mM F6,False,holdout
6.595533,7.4528522,1,GABAAR_Antagonist,umap,15,0.1,9,1,Bemegride,2,mid,GABAAR_Antagonist,Bemegride,mid,0.5 mM,/mnt/tyler/Matt Winter/BRAIN IMAGES BACKUP/THIRD BATCH convulsants/Bemegride run 1 1 June 17/0.5mM F3,False,holdout
8.085675,1.4404674,1,GABAAR_Antagonist,umap,15,0.1,10,1,Bemegride,2,mid,GABAAR_Antagonist,Bemegride,mid,0.5 mM,/mnt/tyler/Matt Winter/BRAIN IMAGES BACKUP/THIRD BATCH convulsants/Bemegride run 1 1 June 17/0.5mM F5 overexposed at very end but alive and fine,False,holdout
11.516144,7.6958137,1,GABAAR_Antagonist,umap,15,0.1,13,1,Bemegride,2,mid,GABAAR_Antagonist,Bemegride,mid,0.5 mM,/mnt/tyler/Matt Winter/BRAIN IMAGES BACKUP/THIRD BATCH convulsants/Bemegride run 2 7 6 17/0.5mM F2.2,False,holdout
0.60172945,8.733663,1,GABAAR_Antagonist,umap,15,0.1,29,2,Bicuculline,1,high,GABAAR_Antagonist,Bicuculline,high,250 uM,/mnt/tyler/Matt Winter/BRAIN IMAGES BACKUP/THIRD BATCH convulsants/Bicuculline run 2 25 5 17/250 microM F2.2,False,holdout
0.9160784,9.101287,1,GABAAR_Antagonist,umap,15,0.1,31,2,Bicuculline,1,high,GABAAR_Antagonist,Bicuculline,high,250 uM,/mnt/tyler/Matt Winter/BRAIN IMAGES BACKUP/THIRD BATCH convulsants/Bicuculline run 2 25 5 17/250 microM F2.4,False,holdout
1.0255619,8.409088,1,GABAAR_Antagonist,umap,15,0.1,37,2,Bicuculline,2,mid,GABAAR_Antagonist,Bicuculline,mid,125 uM,/mnt/tyler/Matt Winter/BRAIN IMAGES BACKUP/THIRD BATCH convulsants/Bicuculline run 2 25 5 17/125 microM F2.3,False,holdout
0.51553446,8.916091,0,Water,umap,15,0.1,40,0,Control,0,control,GABAAR_Antagonist,Bicuculline,control,control,/mnt/tyler/Matt Winter/BRAIN IMAGES BACKUP/THIRD BATCH convulsants/Bicuculline run 1 24 5 17/Water F3,True,holdout
0.7017163,8.698362,0,Water,umap,15,0.1,43,0,Control,0,control,GABAAR_Antagonist,Bicuculline,control,control,/mnt/tyler/Matt Winter/BRAIN IMAGES BACKUP/THIRD BATCH convulsants/Bicuculline run 2 25 5 17/Water F2.1,True,holdout
8.087477,7.925371,1,GABAAR_Antagonist,umap,15,0.1,50,3,Gabazine,1,high,GABAAR_Antagonist,Gabazine,high,0.5 mM,/mnt/tyler/Matt Winter/BRAIN IMAGES BACKUP/THIRD BATCH convulsants/Gabazine Run 1 7 July 2017/0.5mM F4,False,holdout
11.678155,7.611635,1,GABAAR_Antagonist,umap,15,0.1,55,3,Gabazine,2,mid,GABAAR_Antagonist,Gabazine,mid,0.25 mM,/mnt/tyler/Matt Winter/BRAIN IMAGES BACKUP/THIRD BATCH convulsants/Gabazine Run 1 7 July 2017/0.25mM F1,False,holdout
10.4633,1.984394,1,GABAAR_Antagonist,umap,15,0.1,61,3,Gabazine,2,mid,GABAAR_Antagonist,Gabazine,mid,0.25 mM,/mnt/tyler/Matt Winter/BRAIN IMAGES BACKUP/THIRD BATCH convulsants/Gabazine Run 3 14 jUly 2017/0.25mM F3.4,False,holdout
12.376456,11.039915,0,Water,umap,15,0.1,66,0,Control,0,control,GABAAR_Antagonist,Gabazine,control,control,/mnt/tyler/Matt Winter/BRAIN IMAGES BACKUP/THIRD BATCH convulsants/Gabazine Run 3 14 jUly 2017/Water F3.1,True,holdout
12.366879,11.134634,0,Water,umap,15,0.1,67,0,Control,0,control,GABAAR_Antagonist,Gabazine,control,control,/mnt/tyler/Matt Winter/BRAIN IMAGES BACKUP/THIRD BATCH convulsants/Gabazine Run 3 14 jUly 2017/Water F3.2,True,holdout
-1.7617338,2.6682713,2,NMDAR_Activation,umap,15,0.1,72,4,(RS)-(Tetrazol-5-yl)glycine,1,high,NMDAR_Activation,(RS)-(Tetrazol-5-yl)glycine,high,62.5 uM,/mnt/tyler/Matt Winter/BRAIN IMAGES BACKUP/FOURTH BATCH 2018/Rs tetrazol Glycine (RsT) Run 1 21 aug 2018/62.5microM F3,False,holdout
-1.8399078,2.7241244,2,NMDAR_Activation,umap,15,0.1,73,4,(RS)-(Tetrazol-5-yl)glycine,1,high,NMDAR_Activation,(RS)-(Tetrazol-5-yl)glycine,high,62.5 uM,/mnt/tyler/Matt Winter/BRAIN IMAGES BACKUP/FOURTH BATCH 2018/Rs tetrazol Glycine (RsT) Run 1 21 aug 2018/62.5microM F4,False,holdout
-1.5996355,2.8566048,2,NMDAR_Activation,umap,15,0.1,78,4,(RS)-(Tetrazol-5-yl)glycine,2,mid,NMDAR_Activation,(RS)-(Tetrazol-5-yl)glycine,mid,31.25 uM,/mnt/tyler/Matt Winter/BRAIN IMAGES BACKUP/FOURTH BATCH 2018/Rs tetrazol Glycine (RsT) Run 1 21 aug 2018/31.25 microM F2 heart beat fine,False,holdout
13.485517,8.123764,0,Water,umap,15,0.1,84,0,Control,0,control,NMDAR_Activation,(RS)-(Tetrazol-5-yl)glycine,control,control,/mnt/tyler/Matt Winter/BRAIN IMAGES BACKUP/FOURTH BATCH 2018/Rs tetrazol Glycine (RsT) Run 1 21 aug 2018/Water F3,True,holdout
11.9414425,6.671224,2,NMDAR_Activation,umap,15,0.1,91,5,Cis-ACPD,1,high,NMDAR_Activation,Cis-ACPD,high,1 mM,/mnt/tyler/Matt Winter/BRAIN IMAGES BACKUP/FOURTH BATCH 2018/CisACPD Run 1 21 May 2018/1mM F1,False,holdout
10.573612,11.932696,2,NMDAR_Activation,umap,15,0.1,97,5,Cis-ACPD,1,high,NMDAR_Activation,Cis-ACPD,high,1 mM,/mnt/tyler/Matt Winter/BRAIN IMAGES BACKUP/FOURTH BATCH 2018/CisACPD Run 2 4 June 2018/1mM F2.5,False,holdout
11.768285,6.6343718,2,NMDAR_Activation,umap,15,0.1,104,5,Cis-ACPD,2,mid,NMDAR_Activation,Cis-ACPD,mid,0.5 mM,/mnt/tyler/Matt Winter/BRAIN IMAGES BACKUP/FOURTH BATCH 2018/CisACPD Run 2 4 June 2018/0.5mM F2.4,False,holdout
10.498821,1.6604952,0,Water,umap,15,0.1,110,0,Control,0,control,NMDAR_Activation,Cis-ACPD,control,control,/mnt/tyler/Matt Winter/BRAIN IMAGES BACKUP/FOURTH BATCH 2018/CisACPD Run 1 21 May 2018/water F2,True,holdout
11.189438,6.873709,0,Water,umap,15,0.1,111,0,Control,0,control,NMDAR_Activation,Cis-ACPD,control,control,/mnt/tyler/Matt Winter/BRAIN IMAGES BACKUP/FOURTH BATCH 2018/CisACPD Run 2 4 June 2018/Water F2.3,True,holdout
11.827518,6.026597,0,Water,umap,15,0.1,113,0,Control,0,control,NMDAR_Activation,Cis-ACPD,control,control,/mnt/tyler/Matt Winter/BRAIN IMAGES BACKUP/FOURTH BATCH 2018/CisACPD Run 2 4 June 2018/water F2.1,True,holdout
-1.8717327,4.0460663,2,NMDAR_Activation,umap,15,0.1,117,6,N-methyl-D-aspartate,1,high,NMDAR_Activation,N-methyl-D-aspartate,high,2 mM,/mnt/tyler/Matt Winter/BRAIN IMAGES BACKUP/SECOND BATCH convulsants/NMDA 16 Dec 2016/2mM F1.3,False,holdout
-1.9449564,3.6853106,2,NMDAR_Activation,umap,15,0.1,118,6,N-methyl-D-aspartate,1,high,NMDAR_Activation,N-methyl-D-aspartate,high,2 mM,/mnt/tyler/Matt Winter/BRAIN IMAGES BACKUP/SECOND BATCH convulsants/NMDA 16 Dec 2016/2mM F1.4,False,holdout
-1.6779493,3.7000847,2,NMDAR_Activation,umap,15,0.1,121,6,N-methyl-D-aspartate,1,high,NMDAR_Activation,N-methyl-D-aspartate,high,2 mM,/mnt/tyler/Matt Winter/BRAIN IMAGES BACKUP/SECOND BATCH convulsants/NMDA 16 Jan 2017/2mM NMDA F3,False,holdout
-1.6522001,3.2770927,2,NMDAR_Activation,umap,15,0.1,125,6,N-methyl-D-aspartate,2,mid,NMDAR_Activation,N-methyl-D-aspartate,mid,1 mM,/mnt/tyler/Matt Winter/BRAIN IMAGES BACKUP/SECOND BATCH convulsants/NMDA 16 Dec 2016/1mM F1.3,False,holdout
8.291378,7.7891665,0,Water,umap,15,0.1,132,0,Control,0,control,NMDAR_Activation,N-methyl-D-aspartate,control,control,/mnt/tyler/Matt Winter/BRAIN IMAGES BACKUP/SECOND BATCH convulsants/NMDA 16 Dec 2016/water F1.4,True,holdout
7.155443,7.636916,0,Water,umap,15,0.1,134,0,Control,0,control,NMDAR_Activation,N-methyl-D-aspartate,control,control,/mnt/tyler/Matt Winter/BRAIN IMAGES BACKUP/SECOND BATCH convulsants/NMDA 16 Jan 2017/Water F2,True,holdout
6.650952,7.5606775,0,Water,umap,15,0.1,135,0,Control,0,control,NMDAR_Activation,N-methyl-D-aspartate,control,control,/mnt/tyler/Matt Winter/BRAIN IMAGES BACKUP/SECOND BATCH convulsants/NMDA 16 Jan 2017/Water F3,True,holdout
6.444042,7.4099326,3,AChE_Inhibitor_Reversible,umap,15,0.1,138,7,Donepezil,1,high,AChE_Inhibitor_Reversible,Donepezil,high,125 uM,/mnt/tyler/Matt Winter/BRAIN IMAGES BACKUP/SECOND BATCH convulsants/Donepezil 8 Dec 2016/125microM Don F1.2,False,holdout
13.330444,11.571488,3,AChE_Inhibitor_Reversible,umap,15,0.1,140,7,Donepezil,1,high,AChE_Inhibitor_Reversible,Donepezil,high,125 uM,/mnt/tyler/Matt Winter/BRAIN IMAGES BACKUP/SECOND BATCH convulsants/Donepezil 8 Dec 2016/125microM Don F1.5,False,holdout
11.56451,8.314053,3,AChE_Inhibitor_Reversible,umap,15,0.1,148,7,Donepezil,2,mid,AChE_Inhibitor_Reversible,Donepezil,mid,62.5 uM,/mnt/tyler/Matt Winter/BRAIN IMAGES BACKUP/SECOND BATCH convulsants/Donepezil 8 Dec 2016/62.5microM Don F1.6,False,holdout
8.440456,1.4169575,3,AChE_Inhibitor_Reversible,umap,15,0.1,152,7,Donepezil,2,mid,AChE_Inhibitor_Reversible,Donepezil,mid,62.5 uM,/mnt/tyler/Matt Winter/BRAIN IMAGES BACKUP/SECOND BATCH convulsants/Donepezil 9 Dec 2016/62.5microM don F2.3,False,holdout
8.762995,1.4121783,3,AChE_Inhibitor_Reversible,umap,15,0.1,162,8,Galantamine,1,high,AChE_Inhibitor_Reversible,Galantamine,high,1 mM,/mnt/tyler/Matt Winter/BRAIN IMAGES BACKUP/FOURTH BATCH 2018/Galantamine Run 1 28 sept 2018/1mM F5 moved a little run from zero,False,holdout
10.234936,0.9342276,3,AChE_Inhibitor_Reversible,umap,15,0.1,168,8,Galantamine,2,mid,AChE_Inhibitor_Reversible,Galantamine,mid,0.5 mM,/mnt/tyler/Matt Winter/BRAIN IMAGES BACKUP/FOURTH BATCH 2018/Galantamine Run 1 28 sept 2018/0.5mM F2,False,holdout
10.385496,1.8478115,3,AChE_Inhibitor_Reversible,umap,15,0.1,173,8,Galantamine,2,mid,AChE_Inhibitor_Reversible,Galantamine,mid,0.5 mM,/mnt/tyler/Matt Winter/BRAIN IMAGES BACKUP/FOURTH BATCH 2018/Galantamine Run 2 1 Oct 2018/0.5mM F2.2,False,holdout
11.848495,7.0286193,3,AChE_Inhibitor_Reversible,umap,15,0.1,175,8,Galantamine,2,mid,AChE_Inhibitor_Reversible,Galantamine,mid,0.5 mM,/mnt/tyler/Matt Winter/BRAIN IMAGES BACKUP/FOURTH BATCH 2018/Galantamine Run 2 1 Oct 2018/0.5mM f2.4,False,holdout
12.512649,11.678496,0,Water,umap,15,0.1,178,0,Control,0,control,AChE_Inhibitor_Reversible,Galantamine,control,control,/mnt/tyler/Matt Winter/BRAIN IMAGES BACKUP/FOURTH BATCH 2018/Galantamine Run 1 28 sept 2018/Water F3 run from zero as moved slightly,True,holdout
9.896745,0.97315055,3,AChE_Inhibitor_Reversible,umap,15,0.1,189,9,Phenserine,1,high,AChE_Inhibitor_Reversible,Phenserine,high,125 uM,/mnt/tyler/Matt Winter/BRAIN IMAGES BACKUP/FOURTH BATCH 2018/Phenserine Run 2 13 July 2018 not processed yet/125microM F2.2,False,holdout
12.363096,7.544159,3,AChE_Inhibitor_Reversible,umap,15,0.1,190,9,Phenserine,1,high,AChE_Inhibitor_Reversible,Phenserine,high,125 uM,/mnt/tyler/Matt Winter/BRAIN IMAGES BACKUP/FOURTH BATCH 2018/Phenserine Run 2 13 July 2018 not processed yet/125microM F2.3,False,holdout
12.57767,6.581403,3,AChE_Inhibitor_Reversible,umap,15,0.1,191,9,Phenserine,1,high,AChE_Inhibitor_Reversible,Phenserine,high,125 uM,/mnt/tyler/Matt Winter/BRAIN IMAGES BACKUP/FOURTH BATCH 2018/Phenserine Run 2 13 July 2018 not processed yet/125microM F2.4,False,holdout
12.111899,6.8162956,3,AChE_Inhibitor_Reversible,umap,15,0.1,192,9,Phenserine,2,mid,AChE_Inhibitor_Reversible,Phenserine,mid,62.5 uM,/mnt/tyler/Matt Winter/BRAIN IMAGES BACKUP/FOURTH BATCH 2018/Phenserine Run 1 9 July 2018 not processed yet/62.5microM F1,False,holdout
12.442102,11.0607,0,Water,umap,15,0.1,199,0,Control,0,control,AChE_Inhibitor_Reversible,Phenserine,control,control,/mnt/tyler/Matt Winter/BRAIN IMAGES BACKUP/FOURTH BATCH 2018/Phenserine Run 1 9 July 2018 not processed yet/water F1,True,holdout
10.352133,7.130106,0,Water,umap,15,0.1,200,0,Control,0,control,AChE_Inhibitor_Reversible,Phenserine,control,control,/mnt/tyler/Matt Winter/BRAIN IMAGES BACKUP/FOURTH BATCH 2018/Phenserine Run 1 9 July 2018 not processed yet/water F2,True,holdout
10.002935,7.1835594,0,Water,umap,15,0.1,202,0,Control,0,control,AChE_Inhibitor_Reversible,Phenserine,control,control,/mnt/tyler/Matt Winter/BRAIN IMAGES BACKUP/FOURTH BATCH 2018/Phenserine Run 1 9 July 2018 not processed yet/water f4,True,holdout
12.605506,7.563521,0,Water,umap,15,0.1,204,0,Control,0,control,AChE_Inhibitor_Reversible,Phenserine,control,control,/mnt/tyler/Matt Winter/BRAIN IMAGES BACKUP/FOURTH BATCH 2018/Phenserine Run 2 13 July 2018 not processed yet/Water F2.2,True,holdout
8.665488,7.3773403,0,Water,umap,15,0.1,205,0,Control,0,control,AChE_Inhibitor_Reversible,Phenserine,control,control,/mnt/tyler/Matt Winter/BRAIN IMAGES BACKUP/FOURTH BATCH 2018/Phenserine Run 2 13 July 2018 not processed yet/Water F2.4,True,holdout
11.452579,6.5096207,4,mAChR_Agonist_NonSelective,umap,15,0.1,207,10,Bethanechol,1,high,mAChR_Agonist_NonSelective,Bethanechol,high,1 mM,/mnt/tyler/Matt Winter/BRAIN IMAGES BACKUP/FOURTH BATCH 2018/Bethanechol Run 1 23 April 2018/1mM F1,False,holdout
13.32479,7.8180656,4,mAChR_Agonist_NonSelective,umap,15,0.1,212,10,Bethanechol,1,high,mAChR_Agonist_NonSelective,Bethanechol,high,1 mM,/mnt/tyler/Matt Winter/BRAIN IMAGES BACKUP/FOURTH BATCH 2018/Bethanechol Run 2 30 APril 2018/1mM F2.2,False,holdout
12.870371,6.7497115,4,mAChR_Agonist_NonSelective,umap,15,0.1,218,10,Bethanechol,2,mid,mAChR_Agonist_NonSelective,Bethanechol,mid,0.5 mM,/mnt/tyler/Matt Winter/BRAIN IMAGES BACKUP/FOURTH BATCH 2018/Bethanechol Run 1 23 April 2018/0.5mM F4,False,holdout
13.749481,10.058962,0,Water,umap,15,0.1,223,0,Control,0,control,mAChR_Agonist_NonSelective,Bethanechol,control,control,/mnt/tyler/Matt Winter/BRAIN IMAGES BACKUP/FOURTH BATCH 2018/Bethanechol Run 1 23 April 2018/Water F1,True,holdout
13.804569,10.679465,0,Water,umap,15,0.1,228,0,Control,0,control,mAChR_Agonist_NonSelective,Bethanechol,control,control,/mnt/tyler/Matt Winter/BRAIN IMAGES BACKUP/FOURTH BATCH 2018/Bethanechol Run 2 30 APril 2018/Water F2.3,True,holdout
9.717376,1.0161281,4,mAChR_Agonist_NonSelective,umap,15,0.1,239,11,Muscarine,2,mid,mAChR_Agonist_NonSelective,Muscarine,mid,0.5 mM,/mnt/tyler/Matt Winter/BRAIN IMAGES BACKUP/FOURTH BATCH 2018/Muscarine Run 1 13 April 2018/0.5mM F1,False,holdout
13.491065,11.01587,0,Water,umap,15,0.1,248,0,Control,0,control,mAChR_Agonist_NonSelective,Muscarine,control,control,/mnt/tyler/Matt Winter/BRAIN IMAGES BACKUP/FOURTH BATCH 2018/Muscarine Run 1 13 April 2018/Water F3,True,holdout
10.325337,2.1208081,0,Water,umap,15,0.1,250,0,Control,0,control,mAChR_Agonist_NonSelective,Muscarine,control,control,/mnt/tyler/Matt Winter/BRAIN IMAGES BACKUP/FOURTH BATCH 2018/Muscarine Run 1 13 April 2018/water F1,True,holdout
13.654298,10.171345,0,Water,umap,15,0.1,254,0,Control,0,control,mAChR_Agonist_NonSelective,Muscarine,control,control,/mnt/tyler/Matt Winter/BRAIN IMAGES BACKUP/FOURTH BATCH 2018/Muscarine Run 2 16 April 2018/Water f2.1 funny angle,True,holdout
11.411998,11.804816,4,mAChR_Agonist_NonSelective,umap,15,0.1,256,12,Pilocarpine,1,high,mAChR_Agonist_NonSelective,Pilocarpine,high,5 mM,/mnt/tyler/Matt Winter/BRAIN IMAGES BACKUP/FIRST BATCH convulsants/Brain_Imaging_Rerun_-_New_Alignment/Pilocarpine_Round2_0.4OD/5mM,False,holdout
10.125897,7.0982304,4,mAChR_Agonist_NonSelective,umap,15,0.1,257,12,Pilocarpine,1,high,mAChR_Agonist_NonSelective,Pilocarpine,high,5 mM,/mnt/tyler/Matt Winter/BRAIN IMAGES BACKUP/FOURTH BATCH 2018/Pilocarpine ReRun 2 12 Feb 2019/5mM F2.1,False,holdout
9.7381315,0.99522734,4,mAChR_Agonist_NonSelective,umap,15,0.1,259,12,Pilocarpine,1,high,mAChR_Agonist_NonSelective,Pilocarpine,high,5 mM,/mnt/tyler/Matt Winter/BRAIN IMAGES BACKUP/FOURTH BATCH 2018/Pilocarpine ReRun 2 12 Feb 2019/5mM F2.3,False,holdout
10.600353,7.456543,4,mAChR_Agonist_NonSelective,umap,15,0.1,263,12,Pilocarpine,1,high,mAChR_Agonist_NonSelective,Pilocarpine,high,5 mM,/mnt/tyler/Matt Winter/BRAIN IMAGES BACKUP/FOURTH BATCH 2018/Pilocarpine repeat run 1 12 Feb 2019/5mM F3,False,holdout
7.574573,1.234027,4,mAChR_Agonist_NonSelective,umap,15,0.1,267,12,Pilocarpine,2,mid,mAChR_Agonist_NonSelective,Pilocarpine,mid,2.5 mM,/mnt/tyler/Matt Winter/BRAIN IMAGES BACKUP/FIRST BATCH convulsants/Brain_Imaging_Rerun_-_New_Alignment/Pilocarpine_Round2_0.4OD/2.5mM,False,holdout
8.808407,1.3648514,4,mAChR_Agonist_NonSelective,umap,15,0.1,268,12,Pilocarpine,2,mid,mAChR_Agonist_NonSelective,Pilocarpine,mid,2.5 mM,/mnt/tyler/Matt Winter/BRAIN IMAGES BACKUP/FOURTH BATCH 2018/Pilocarpine ReRun 2 12 Feb 2019/2.5mM F2.1,False,holdout
7.6736765,7.621823,4,mAChR_Agonist_NonSelective,umap,15,0.1,269,12,Pilocarpine,2,mid,mAChR_Agonist_NonSelective,Pilocarpine,mid,2.5 mM,/mnt/tyler/Matt Winter/BRAIN IMAGES BACKUP/FOURTH BATCH 2018/Pilocarpine ReRun 2 12 Feb 2019/2.5mM F2.3,False,holdout
9.25066,1.1678352,4,mAChR_Agonist_NonSelective,umap,15,0.1,270,12,Pilocarpine,2,mid,mAChR_Agonist_NonSelective,Pilocarpine,mid,2.5 mM,/mnt/tyler/Matt Winter/BRAIN IMAGES BACKUP/FOURTH BATCH 2018/Pilocarpine ReRun 2 12 Feb 2019/2.5mM F2.4,False,holdout
9.717965,7.5280175,0,Water,umap,15,0.1,275,0,Control,0,control,mAChR_Agonist_NonSelective,Pilocarpine,control,control,/mnt/tyler/Matt Winter/BRAIN IMAGES BACKUP/FOURTH BATCH 2018/Pilocarpine ReRun 2 12 Feb 2019/Water F2.4,True,holdout
8.122603,7.637085,0,Water,umap,15,0.1,277,0,Control,0,control,mAChR_Agonist_NonSelective,Pilocarpine,control,control,/mnt/tyler/Matt Winter/BRAIN IMAGES BACKUP/FOURTH BATCH 2018/Pilocarpine repeat run 1 12 Feb 2019/Water F1,True,holdout
11.578931,8.008837,0,Water,umap,15,0.1,279,0,Control,0,control,mAChR_Agonist_NonSelective,Pilocarpine,control,control,/mnt/tyler/Matt Winter/BRAIN IMAGES BACKUP/FOURTH BATCH 2018/Pilocarpine repeat run 1 12 Feb 2019/Water f2,True,holdout
