embed_x,embed_y,label,label_name,method,original_instance_id,compound_label,compound_label_name,concentration_label_id,concentration_label_name,mechanism_of_action,compound,concentration_band,concentration_label,image_condition_dir,is_control,dataset_split
10.11792,4.2910123,1,GABAAR_Antagonist,umap,1,1,Bemegride,1,high,GABAAR_Antagonist,Bemegride,high,1 mM,/mnt/tyler/Matt Winter/BRAIN IMAGES BACKUP/THIRD BATCH convulsants/Bemegride run 1 1 June 17/1mM F2,False,train
14.155721,7.383407,1,GABAAR_Antagonist,umap,4,1,Bemegride,1,high,GABAAR_Antagonist,Bemegride,high,1 mM,/mnt/tyler/Matt Winter/BRAIN IMAGES BACKUP/THIRD BATCH convulsants/Bemegride run 2 7 6 17/1mM F2.1,False,train
12.341435,8.770817,1,GABAAR_Antagonist,umap,5,1,Bemegride,1,high,GABAAR_Antagonist,Bemegride,high,1 mM,/mnt/tyler/Matt Winter/BRAIN IMAGES BACKUP/THIRD BATCH convulsants/Bemegride run 2 7 6 17/1mM F2.2,False,train
14.209845,7.204959,1,GABAAR_Antagonist,umap,6,1,Bemegride,1,high,GABAAR_Antagonist,Bemegride,high,1 mM,/mnt/tyler/Matt Winter/BRAIN IMAGES BACKUP/THIRD BATCH convulsants/Bemegride run 2 7 6 17/1mM F2.3,False,train
14.92865,7.219171,1,GABAAR_Antagonist,umap,8,1,Bemegride,2,mid,GABAAR_Antagonist,Bemegride,mid,0.5 mM,/mnt/tyler/Matt Winter/BRAIN IMAGES BACKUP/THIRD BATCH convulsants/Bemegride run 1 1 June 17/0.5mM F1,False,train
10.966734,4.529331,1,GABAAR_Antagonist,umap,12,1,Bemegride,2,mid,GABAAR_Antagonist,Bemegride,mid,0.5 mM,/mnt/tyler/Matt Winter/BRAIN IMAGES BACKUP/THIRD BATCH convulsants/Bemegride run 2 7 6 17/0.5mM F2.1,False,train
10.13524,4.3626266,1,GABAAR_Antagonist,umap,14,1,Bemegride,2,mid,GABAAR_Antagonist,Bemegride,mid,0.5 mM,/mnt/tyler/Matt Winter/BRAIN IMAGES BACKUP/THIRD BATCH convulsants/Bemegride run 2 7 6 17/0.5mM F2.4,False,train
11.701944,9.206071,1,GABAAR_Antagonist,umap,15,1,Bemegride,2,mid,GABAAR_Antagonist,Bemegride,mid,0.5 mM,/mnt/tyler/Matt Winter/BRAIN IMAGES BACKUP/THIRD BATCH convulsants/Bemegride run 2 7 6 17/0.5mM F2.5,False,train
9.372835,6.802341,0,Water,umap,16,0,Control,0,control,GABAAR_Antagonist,Bemegride,control,control,/mnt/tyler/Matt Winter/BRAIN IMAGES BACKUP/THIRD BATCH convulsants/Bemegride run 1 1 June 17/Water F1,True,train
14.239318,7.0527887,0,Water,umap,18,0,Control,0,control,GABAAR_Antagonist,Bemegride,control,control,/mnt/tyler/Matt Winter/BRAIN IMAGES BACKUP/THIRD BATCH convulsants/Bemegride run 1 1 June 17/Water F3,True,train
14.202397,7.3739777,0,Water,umap,19,0,Control,0,control,GABAAR_Antagonist,Bemegride,control,control,/mnt/tyler/Matt Winter/BRAIN IMAGES BACKUP/THIRD BATCH convulsants/Bemegride run 1 1 June 17/Water F4,True,train
14.270382,6.899053,0,Water,umap,20,0,Control,0,control,GABAAR_Antagonist,Bemegride,control,control,/mnt/tyler/Matt Winter/BRAIN IMAGES BACKUP/THIRD BATCH convulsants/Bemegride run 2 7 6 17/Water F2.1,True,train
13.779352,8.223204,0,Water,umap,21,0,Control,0,control,GABAAR_Antagonist,Bemegride,control,control,/mnt/tyler/Matt Winter/BRAIN IMAGES BACKUP/THIRD BATCH convulsants/Bemegride run 2 7 6 17/Water F2.2,True,train
14.261694,4.4264235,0,Water,umap,22,0,Control,0,control,GABAAR_Antagonist,Bemegride,control,control,/mnt/tyler/Matt Winter/BRAIN IMAGES BACKUP/THIRD BATCH convulsants/Bemegride run 2 7 6 17/Water F2.3,True,train
12.048113,9.558667,0,Water,umap,23,0,Control,0,control,GABAAR_Antagonist,Bemegride,control,control,/mnt/tyler/Matt Winter/BRAIN IMAGES BACKUP/THIRD BATCH convulsants/Bemegride run 2 7 6 17/wATER f2.4,True,train
-0.5626645,13.8116455,1,GABAAR_Antagonist,umap,24,2,Bicuculline,1,high,GABAAR_Antagonist,Bicuculline,high,250 uM,/mnt/tyler/Matt Winter/BRAIN IMAGES BACKUP/THIRD BATCH convulsants/Bicuculline run 1 24 5 17/250 microM F2,False,train
-1.2250142,13.3225765,1,GABAAR_Antagonist,umap,27,2,Bicuculline,1,high,GABAAR_Antagonist,Bicuculline,high,250 uM,/mnt/tyler/Matt Winter/BRAIN IMAGES BACKUP/THIRD BATCH convulsants/Bicuculline run 1 24 5 17/250microM F1,False,train
-0.72543746,13.661356,1,GABAAR_Antagonist,umap,28,2,Bicuculline,1,high,GABAAR_Antagonist,Bicuculline,high,250 uM,/mnt/tyler/Matt Winter/BRAIN IMAGES BACKUP/THIRD BATCH convulsants/Bicuculline run 2 25 5 17/250 microM F2.1,False,train
-0.36786398,13.983759,1,GABAAR_Antagonist,umap,32,2,Bicuculline,2,mid,GABAAR_Antagonist,Bicuculline,mid,125 uM,/mnt/tyler/Matt Winter/BRAIN IMAGES BACKUP/THIRD BATCH convulsants/Bicuculline run 1 24 5 17/125 microM F1 bright at end,False,train
-0.44430178,13.916979,1,GABAAR_Antagonist,umap,33,2,Bicuculline,2,mid,GABAAR_Antagonist,Bicuculline,mid,125 uM,/mnt/tyler/Matt Winter/BRAIN IMAGES BACKUP/THIRD BATCH convulsants/Bicuculline run 1 24 5 17/125 microM F4,False,train
-0.33607656,14.016488,1,GABAAR_Antagonist,umap,34,2,Bicuculline,2,mid,GABAAR_Antagonist,Bicuculline,mid,125 uM,/mnt/tyler/Matt Winter/BRAIN IMAGES BACKUP/THIRD BATCH convulsants/Bicuculline run 1 24 5 17/125 microM F6,False,train
-0.9059185,13.450324,1,GABAAR_Antagonist,umap,35,2,Bicuculline,2,mid,GABAAR_Antagonist,Bicuculline,mid,125 uM,/mnt/tyler/Matt Winter/BRAIN IMAGES BACKUP/THIRD BATCH convulsants/Bicuculline run 2 25 5 17/125 microM F2.1,False,train
-1.066403,13.431417,1,GABAAR_Antagonist,umap,38,2,Bicuculline,2,mid,GABAAR_Antagonist,Bicuculline,mid,125 uM,/mnt/tyler/Matt Winter/BRAIN IMAGES BACKUP/THIRD BATCH convulsants/Bicuculline run 2 25 5 17/125 microM F2.4,False,train
-1.1567336,13.369441,0,Water,umap,39,0,Control,0,control,GABAAR_Antagonist,Bicuculline,control,control,/mnt/tyler/Matt Winter/BRAIN IMAGES BACKUP/THIRD BATCH convulsants/Bicuculline run 1 24 5 17/Water F1,True,train
-1.1305962,13.394334,0,Water,umap,42,0,Control,0,control,GABAAR_Antagonist,Bicuculline,control,control,/mnt/tyler/Matt Winter/BRAIN IMAGES BACKUP/THIRD BATCH convulsants/Bicuculline run 1 24 5 17/Water F5,True,train
-1.3326014,13.203716,0,Water,umap,44,0,Control,0,control,GABAAR_Antagonist,Bicuculline,control,control,/mnt/tyler/Matt Winter/BRAIN IMAGES BACKUP/THIRD BATCH convulsants/Bicuculline run 2 25 5 17/Water F2.3,True,train
-1.0067973,13.379647,0,Water,umap,46,0,Control,0,control,GABAAR_Antagonist,Bicuculline,control,control,/mnt/tyler/Matt Winter/BRAIN IMAGES BACKUP/THIRD BATCH convulsants/Bicuculline run 2 25 5 17/Water F2.5,True,train
11.307363,8.972627,1,GABAAR_Antagonist,umap,47,3,Gabazine,1,high,GABAAR_Antagonist,Gabazine,high,0.5 mM,/mnt/tyler/Matt Winter/BRAIN IMAGES BACKUP/THIRD BATCH convulsants/Gabazine Run 1 7 July 2017/0.5mM F1,False,train
14.619236,6.0432944,1,GABAAR_Antagonist,umap,48,3,Gabazine,1,high,GABAAR_Antagonist,Gabazine,high,0.5 mM,/mnt/tyler/Matt Winter/BRAIN IMAGES BACKUP/THIRD BATCH convulsants/Gabazine Run 1 7 July 2017/0.5mM F2,False,train
13.745094,4.2679977,1,GABAAR_Antagonist,umap,49,3,Gabazine,1,high,GABAAR_Antagonist,Gabazine,high,0.5 mM,/mnt/tyler/Matt Winter/BRAIN IMAGES BACKUP/THIRD BATCH convulsants/Gabazine Run 1 7 July 2017/0.5mM F3,False,train
14.12333,4.6905665,1,GABAAR_Antagonist,umap,51,3,Gabazine,1,high,GABAAR_Antagonist,Gabazine,high,0.5 mM,/mnt/tyler/Matt Winter/BRAIN IMAGES BACKUP/THIRD BATCH convulsants/Gabazine Run 3 14 jUly 2017/0.5mM F3.1,False,train
13.579215,8.824491,1,GABAAR_Antagonist,umap,52,3,Gabazine,1,high,GABAAR_Antagonist,Gabazine,high,0.5 mM,/mnt/tyler/Matt Winter/BRAIN IMAGES BACKUP/THIRD BATCH convulsants/Gabazine Run 3 14 jUly 2017/0.5mM F3.2,False,train
10.632227,4.5501227,1,GABAAR_Antagonist,umap,53,3,Gabazine,1,high,GABAAR_Antagonist,Gabazine,high,0.5 mM,/mnt/tyler/Matt Winter/BRAIN IMAGES BACKUP/THIRD BATCH convulsants/Gabazine Run 3 14 jUly 2017/0.5mM F3.3,False,train
14.449974,5.824454,1,GABAAR_Antagonist,umap,54,3,Gabazine,1,high,GABAAR_Antagonist,Gabazine,high,0.5 mM,/mnt/tyler/Matt Winter/BRAIN IMAGES BACKUP/THIRD BATCH convulsants/Gabazine Run 3 14 jUly 2017/0.5mM F3.4,False,train
14.516725,5.9312305,1,GABAAR_Antagonist,umap,56,3,Gabazine,2,mid,GABAAR_Antagonist,Gabazine,mid,0.25 mM,/mnt/tyler/Matt Winter/BRAIN IMAGES BACKUP/THIRD BATCH convulsants/Gabazine Run 1 7 July 2017/0.25mM F2,False,train
12.50163,9.561665,1,GABAAR_Antagonist,umap,58,3,Gabazine,2,mid,GABAAR_Antagonist,Gabazine,mid,0.25 mM,/mnt/tyler/Matt Winter/BRAIN IMAGES BACKUP/THIRD BATCH convulsants/Gabazine Run 1 7 July 2017/0.25mM F4,False,train
14.6447115,7.509016,1,GABAAR_Antagonist,umap,59,3,Gabazine,2,mid,GABAAR_Antagonist,Gabazine,mid,0.25 mM,/mnt/tyler/Matt Winter/BRAIN IMAGES BACKUP/THIRD BATCH convulsants/Gabazine Run 3 14 jUly 2017/0.25mM F3.1,False,train
10.564025,4.4639344,1,GABAAR_Antagonist,umap,60,3,Gabazine,2,mid,GABAAR_Antagonist,Gabazine,mid,0.25 mM,/mnt/tyler/Matt Winter/BRAIN IMAGES BACKUP/THIRD BATCH convulsants/Gabazine Run 3 14 jUly 2017/0.25mM F3.2,False,train
13.706191,4.271392,0,Water,umap,62,0,Control,0,control,GABAAR_Antagonist,Gabazine,control,control,/mnt/tyler/Matt Winter/BRAIN IMAGES BACKUP/THIRD BATCH convulsants/Gabazine Run 1 7 July 2017/Water F1,True,train
13.95795,4.362839,0,Water,umap,63,0,Control,0,control,GABAAR_Antagonist,Gabazine,control,control,/mnt/tyler/Matt Winter/BRAIN IMAGES BACKUP/THIRD BATCH convulsants/Gabazine Run 1 7 July 2017/Water F2,True,train
14.597988,6.3863635,0,Water,umap,64,0,Control,0,control,GABAAR_Antagonist,Gabazine,control,control,/mnt/tyler/Matt Winter/BRAIN IMAGES BACKUP/THIRD BATCH convulsants/Gabazine Run 1 7 July 2017/Water f4,True,train
13.710975,8.707733,0,Water,umap,65,0,Control,0,control,GABAAR_Antagonist,Gabazine,control,control,/mnt/tyler/Matt Winter/BRAIN IMAGES BACKUP/THIRD BATCH convulsants/Gabazine Run 1 7 July 2017/water F3,True,train
14.119466,4.3885665,0,Water,umap,68,0,Control,0,control,GABAAR_Antagonist,Gabazine,control,control,/mnt/tyler/Matt Winter/BRAIN IMAGES BACKUP/THIRD BATCH convulsants/Gabazine Run 3 14 jUly 2017/Water F3.3,True,train
14.1129055,4.9369583,0,Water,umap,69,0,Control,0,control,GABAAR_Antagonist,Gabazine,control,control,/mnt/tyler/Matt Winter/BRAIN IMAGES BACKUP/THIRD BATCH convulsants/Gabazine Run 3 14 jUly 2017/water f3.4,True,train
8.209248,-4.793237,2,NMDAR_Activation,umap,70,4,(RS)-(Tetrazol-5-yl)glycine,1,high,NMDAR_Activation,(RS)-(Tetrazol-5-yl)glycine,high,62.5 uM,/mnt/tyler/Matt Winter/BRAIN IMAGES BACKUP/FOURTH BATCH 2018/Rs tetrazol Glycine (RsT) Run 1 21 aug 2018/62.5microM F1 bright but heart beat good,False,train
8.156775,-4.8404503,2,NMDAR_Activation,umap,71,4,(RS)-(Tetrazol-5-yl)glycine,1,high,NMDAR_Activation,(RS)-(Tetrazol-5-yl)glycine,high,62.5 uM,/mnt/tyler/Matt Winter/BRAIN IMAGES BACKUP/FOURTH BATCH 2018/Rs tetrazol Glycine (RsT) Run 1 21 aug 2018/62.5microM F2 bright but heart beat good,False,train
7.8082595,-5.924183,2,NMDAR_Activation,umap,76,4,(RS)-(Tetrazol-5-yl)glycine,1,high,NMDAR_Activation,(RS)-(Tetrazol-5-yl)glycine,high,62.5 uM,/mnt/tyler/Matt Winter/BRAIN IMAGES BACKUP/FOURTH BATCH 2018/Rs tetrazol Glycine (RsT) Run 2 24 Aug 2018/62.5microM F2.3,False,train
7.839358,-5.934935,2,NMDAR_Activation,umap,77,4,(RS)-(Tetrazol-5-yl)glycine,1,high,NMDAR_Activation,(RS)-(Tetrazol-5-yl)glycine,high,62.5 uM,/mnt/tyler/Matt Winter/BRAIN IMAGES BACKUP/FOURTH BATCH 2018/Rs tetrazol Glycine (RsT) Run 2 24 Aug 2018/62.5microM F2.4,False,train
8.438736,-4.2365794,2,NMDAR_Activation,umap,79,4,(RS)-(Tetrazol-5-yl)glycine,2,mid,NMDAR_Activation,(RS)-(Tetrazol-5-yl)glycine,mid,31.25 uM,/mnt/tyler/Matt Winter/BRAIN IMAGES BACKUP/FOURTH BATCH 2018/Rs tetrazol Glycine (RsT) Run 1 21 aug 2018/31.25microM F1 heart beat fine,False,train
7.8464317,-5.8953424,2,NMDAR_Activation,umap,80,4,(RS)-(Tetrazol-5-yl)glycine,2,mid,NMDAR_Activation,(RS)-(Tetrazol-5-yl)glycine,mid,31.25 uM,/mnt/tyler/Matt Winter/BRAIN IMAGES BACKUP/FOURTH BATCH 2018/Rs tetrazol Glycine (RsT) Run 1 21 aug 2018/31.25microM F3 bright but heart beat good,False,train
8.048079,-5.3534474,2,NMDAR_Activation,umap,81,4,(RS)-(Tetrazol-5-yl)glycine,2,mid,NMDAR_Activation,(RS)-(Tetrazol-5-yl)glycine,mid,31.25 uM,/mnt/tyler/Matt Winter/BRAIN IMAGES BACKUP/FOURTH BATCH 2018/Rs tetrazol Glycine (RsT) Run 1 21 aug 2018/31.25microM F4 bright throughout but heart beat good,False,train
7.89926,-5.6872287,2,NMDAR_Activation,umap,82,4,(RS)-(Tetrazol-5-yl)glycine,2,mid,NMDAR_Activation,(RS)-(Tetrazol-5-yl)glycine,mid,31.25 uM,/mnt/tyler/Matt Winter/BRAIN IMAGES BACKUP/FOURTH BATCH 2018/Rs tetrazol Glycine (RsT) Run 1 21 aug 2018/31.25microM F5,False,train
8.6691885,8.780275,0,Water,umap,83,0,Control,0,control,NMDAR_Activation,(RS)-(Tetrazol-5-yl)glycine,control,control,/mnt/tyler/Matt Winter/BRAIN IMAGES BACKUP/FOURTH BATCH 2018/Rs tetrazol Glycine (RsT) Run 1 21 aug 2018/Water F1,True,train
10.212383,9.28205,0,Water,umap,86,0,Control,0,control,NMDAR_Activation,(RS)-(Tetrazol-5-yl)glycine,control,control,/mnt/tyler/Matt Winter/BRAIN IMAGES BACKUP/FOURTH BATCH 2018/Rs tetrazol Glycine (RsT) Run 1 21 aug 2018/water F2,True,train
7.9054976,7.0588455,0,Water,umap,88,0,Control,0,control,NMDAR_Activation,(RS)-(Tetrazol-5-yl)glycine,control,control,/mnt/tyler/Matt Winter/BRAIN IMAGES BACKUP/FOURTH BATCH 2018/Rs tetrazol Glycine (RsT) Run 2 24 Aug 2018/Water F2.2,True,train
8.967928,9.234941,0,Water,umap,89,0,Control,0,control,NMDAR_Activation,(RS)-(Tetrazol-5-yl)glycine,control,control,/mnt/tyler/Matt Winter/BRAIN IMAGES BACKUP/FOURTH BATCH 2018/Rs tetrazol Glycine (RsT) Run 2 24 Aug 2018/Water F2.3,True,train
13.555085,8.608167,0,Water,umap,90,0,Control,0,control,NMDAR_Activation,(RS)-(Tetrazol-5-yl)glycine,control,control,/mnt/tyler/Matt Winter/BRAIN IMAGES BACKUP/FOURTH BATCH 2018/Rs tetrazol Glycine (RsT) Run 2 24 Aug 2018/Water F2.4,True,train
10.073747,6.097142,2,NMDAR_Activation,umap,93,5,Cis-ACPD,1,high,NMDAR_Activation,Cis-ACPD,high,1 mM,/mnt/tyler/Matt Winter/BRAIN IMAGES BACKUP/FOURTH BATCH 2018/CisACPD Run 1 21 May 2018/1mM F3,False,train
9.973615,5.0700207,2,NMDAR_Activation,umap,94,5,Cis-ACPD,1,high,NMDAR_Activation,Cis-ACPD,high,1 mM,/mnt/tyler/Matt Winter/BRAIN IMAGES BACKUP/FOURTH BATCH 2018/CisACPD Run 1 21 May 2018/1mM F4,False,train
12.443101,9.674617,2,NMDAR_Activation,umap,96,5,Cis-ACPD,1,high,NMDAR_Activation,Cis-ACPD,high,1 mM,/mnt/tyler/Matt Winter/BRAIN IMAGES BACKUP/FOURTH BATCH 2018/CisACPD Run 2 4 June 2018/1mM F2.4,False,train
10.194452,7.9397664,2,NMDAR_Activation,umap,98,5,Cis-ACPD,1,high,NMDAR_Activation,Cis-ACPD,high,1 mM,/mnt/tyler/Matt Winter/BRAIN IMAGES BACKUP/FOURTH BATCH 2018/CisACPD Run 2 4 June 2018/1mm f2.3,False,train
9.749156,9.535681,2,NMDAR_Activation,umap,100,5,Cis-ACPD,2,mid,NMDAR_Activation,Cis-ACPD,mid,0.5 mM,/mnt/tyler/Matt Winter/BRAIN IMAGES BACKUP/FOURTH BATCH 2018/CisACPD Run 1 21 May 2018/0.5mM F2,False,train
7.913172,8.53592,2,NMDAR_Activation,umap,101,5,Cis-ACPD,2,mid,NMDAR_Activation,Cis-ACPD,mid,0.5 mM,/mnt/tyler/Matt Winter/BRAIN IMAGES BACKUP/FOURTH BATCH 2018/CisACPD Run 1 21 May 2018/0.5mM F3,False,train
14.477224,6.4701824,2,NMDAR_Activation,umap,102,5,Cis-ACPD,2,mid,NMDAR_Activation,Cis-ACPD,mid,0.5 mM,/mnt/tyler/Matt Winter/BRAIN IMAGES BACKUP/FOURTH BATCH 2018/CisACPD Run 1 21 May 2018/0.5mM F4,False,train
14.810158,7.0522213,2,NMDAR_Activation,umap,103,5,Cis-ACPD,2,mid,NMDAR_Activation,Cis-ACPD,mid,0.5 mM,/mnt/tyler/Matt Winter/BRAIN IMAGES BACKUP/FOURTH BATCH 2018/CisACPD Run 2 4 June 2018/0.5mM F2.1,False,train
9.953556,5.0780997,2,NMDAR_Activation,umap,105,5,Cis-ACPD,2,mid,NMDAR_Activation,Cis-ACPD,mid,0.5 mM,/mnt/tyler/Matt Winter/BRAIN IMAGES BACKUP/FOURTH BATCH 2018/CisACPD Run 2 4 June 2018/0.5mM F2.5,False,train
9.21409,8.172303,0,Water,umap,106,0,Control,0,control,NMDAR_Activation,Cis-ACPD,control,control,/mnt/tyler/Matt Winter/BRAIN IMAGES BACKUP/FOURTH BATCH 2018/CisACPD Run 1 21 May 2018/Water F1,True,train
13.843134,8.416924,0,Water,umap,107,0,Control,0,control,NMDAR_Activation,Cis-ACPD,control,control,/mnt/tyler/Matt Winter/BRAIN IMAGES BACKUP/FOURTH BATCH 2018/CisACPD Run 1 21 May 2018/Water F3,True,train
9.95115,6.0237713,0,Water,umap,108,0,Control,0,control,NMDAR_Activation,Cis-ACPD,control,control,/mnt/tyler/Matt Winter/BRAIN IMAGES BACKUP/FOURTH BATCH 2018/CisACPD Run 1 21 May 2018/Water F4,True,train
14.520042,6.237697,0,Water,umap,109,0,Control,0,control,NMDAR_Activation,Cis-ACPD,control,control,/mnt/tyler/Matt Winter/BRAIN IMAGES BACKUP/FOURTH BATCH 2018/CisACPD Run 1 21 May 2018/Water F5 run from zero,True,train
8.967401,9.630282,0,Water,umap,112,0,Control,0,control,NMDAR_Activation,Cis-ACPD,control,control,/mnt/tyler/Matt Winter/BRAIN IMAGES BACKUP/FOURTH BATCH 2018/CisACPD Run 2 4 June 2018/Water F2.4,True,train
8.158994,8.176287,0,Water,umap,114,0,Control,0,control,NMDAR_Activation,Cis-ACPD,control,control,/mnt/tyler/Matt Winter/BRAIN IMAGES BACKUP/FOURTH BATCH 2018/CisACPD Run 2 4 June 2018/water F2.2,True,train
8.112662,-4.941246,2,NMDAR_Activation,umap,115,6,N-methyl-D-aspartate,1,high,NMDAR_Activation,N-methyl-D-aspartate,high,2 mM,/mnt/tyler/Matt Winter/BRAIN IMAGES BACKUP/SECOND BATCH convulsants/NMDA 16 Dec 2016/2mM F1.1,False,train
8.001976,-5.2138,2,NMDAR_Activation,umap,116,6,N-methyl-D-aspartate,1,high,NMDAR_Activation,N-methyl-D-aspartate,high,2 mM,/mnt/tyler/Matt Winter/BRAIN IMAGES BACKUP/SECOND BATCH convulsants/NMDA 16 Dec 2016/2mM F1.2,False,train
8.141567,-4.931572,2,NMDAR_Activation,umap,119,6,N-methyl-D-aspartate,1,high,NMDAR_Activation,N-methyl-D-aspartate,high,2 mM,/mnt/tyler/Matt Winter/BRAIN IMAGES BACKUP/SECOND BATCH convulsants/NMDA 16 Jan 2017/2mM NMDA F1,False,train
8.334806,-4.443843,2,NMDAR_Activation,umap,120,6,N-methyl-D-aspartate,1,high,NMDAR_Activation,N-methyl-D-aspartate,high,2 mM,/mnt/tyler/Matt Winter/BRAIN IMAGES BACKUP/SECOND BATCH convulsants/NMDA 16 Jan 2017/2mM NMDA F2,False,train
8.126455,-5.1830263,2,NMDAR_Activation,umap,122,6,N-methyl-D-aspartate,1,high,NMDAR_Activation,N-methyl-D-aspartate,high,2 mM,/mnt/tyler/Matt Winter/BRAIN IMAGES BACKUP/SECOND BATCH convulsants/NMDA 16 Jan 2017/2mM NMDA F4,False,train
7.8726964,-5.85834,2,NMDAR_Activation,umap,123,6,N-methyl-D-aspartate,2,mid,NMDAR_Activation,N-methyl-D-aspartate,mid,1 mM,/mnt/tyler/Matt Winter/BRAIN IMAGES BACKUP/SECOND BATCH convulsants/NMDA 16 Dec 2016/1mM F1.1,False,train
13.314064,4.3197823,2,NMDAR_Activation,umap,124,6,N-methyl-D-aspartate,2,mid,NMDAR_Activation,N-methyl-D-aspartate,mid,1 mM,/mnt/tyler/Matt Winter/BRAIN IMAGES BACKUP/SECOND BATCH convulsants/NMDA 16 Dec 2016/1mM F1.2,False,train
8.552514,-3.6986232,2,NMDAR_Activation,umap,127,6,N-methyl-D-aspartate,2,mid,NMDAR_Activation,N-methyl-D-aspartate,mid,1 mM,/mnt/tyler/Matt Winter/BRAIN IMAGES BACKUP/SECOND BATCH convulsants/NMDA 16 Dec 2016/1mM F1.6,False,train
8.122884,-5.262427,2,NMDAR_Activation,umap,128,6,N-methyl-D-aspartate,2,mid,NMDAR_Activation,N-methyl-D-aspartate,mid,1 mM,/mnt/tyler/Matt Winter/BRAIN IMAGES BACKUP/SECOND BATCH convulsants/NMDA 16 Jan 2017/1mM NMDA F1,False,train
9.421221,7.014426,0,Water,umap,129,0,Control,0,control,NMDAR_Activation,N-methyl-D-aspartate,control,control,/mnt/tyler/Matt Winter/BRAIN IMAGES BACKUP/SECOND BATCH convulsants/NMDA 16 Dec 2016/water F1.1,True,train
8.887594,10.041086,0,Water,umap,130,0,Control,0,control,NMDAR_Activation,N-methyl-D-aspartate,control,control,/mnt/tyler/Matt Winter/BRAIN IMAGES BACKUP/SECOND BATCH convulsants/NMDA 16 Dec 2016/water F1.2,True,train
9.515565,7.8265724,0,Water,umap,131,0,Control,0,control,NMDAR_Activation,N-methyl-D-aspartate,control,control,/mnt/tyler/Matt Winter/BRAIN IMAGES BACKUP/SECOND BATCH convulsants/NMDA 16 Dec 2016/water F1.3,True,train
9.681498,9.550801,0,Water,umap,136,0,Control,0,control,NMDAR_Activation,N-methyl-D-aspartate,control,control,/mnt/tyler/Matt Winter/BRAIN IMAGES BACKUP/SECOND BATCH convulsants/NMDA 16 Jan 2017/Water F4,True,train
7.6145024,8.029237,3,AChE_Inhibitor_Reversible,umap,139,7,Donepezil,1,high,AChE_Inhibitor_Reversible,Donepezil,high,125 uM,/mnt/tyler/Matt Winter/BRAIN IMAGES BACKUP/SECOND BATCH convulsants/Donepezil 8 Dec 2016/125microM Don F1.4,False,train
13.672997,4.8114576,3,AChE_Inhibitor_Reversible,umap,142,7,Donepezil,1,high,AChE_Inhibitor_Reversible,Donepezil,high,125 uM,/mnt/tyler/Matt Winter/BRAIN IMAGES BACKUP/SECOND BATCH convulsants/Donepezil 9 Dec 2016/125microM Don F2.2,False,train
8.147034,6.4982986,3,AChE_Inhibitor_Reversible,umap,143,7,Donepezil,1,high,AChE_Inhibitor_Reversible,Donepezil,high,125 uM,/mnt/tyler/Matt Winter/BRAIN IMAGES BACKUP/SECOND BATCH convulsants/Donepezil 9 Dec 2016/125microM Don F2.3,False,train
10.181701,4.5292716,3,AChE_Inhibitor_Reversible,umap,144,7,Donepezil,1,high,AChE_Inhibitor_Reversible,Donepezil,high,125 uM,/mnt/tyler/Matt Winter/BRAIN IMAGES BACKUP/SECOND BATCH convulsants/Donepezil 9 Dec 2016/125microM Don F2.4,False,train
8.109437,8.251813,3,AChE_Inhibitor_Reversible,umap,145,7,Donepezil,2,mid,AChE_Inhibitor_Reversible,Donepezil,mid,62.5 uM,/mnt/tyler/Matt Winter/BRAIN IMAGES BACKUP/SECOND BATCH convulsants/Donepezil 8 Dec 2016/62.5microM Don F1.1,False,train
7.7278857,6.776741,3,AChE_Inhibitor_Reversible,umap,146,7,Donepezil,2,mid,AChE_Inhibitor_Reversible,Donepezil,mid,62.5 uM,/mnt/tyler/Matt Winter/BRAIN IMAGES BACKUP/SECOND BATCH convulsants/Donepezil 8 Dec 2016/62.5microM Don F1.2,False,train
12.63358,9.474185,3,AChE_Inhibitor_Reversible,umap,147,7,Donepezil,2,mid,AChE_Inhibitor_Reversible,Donepezil,mid,62.5 uM,/mnt/tyler/Matt Winter/BRAIN IMAGES BACKUP/SECOND BATCH convulsants/Donepezil 8 Dec 2016/62.5microM Don F1.5,False,train
8.041454,6.604936,3,AChE_Inhibitor_Reversible,umap,149,7,Donepezil,2,mid,AChE_Inhibitor_Reversible,Donepezil,mid,62.5 uM,/mnt/tyler/Matt Winter/BRAIN IMAGES BACKUP/SECOND BATCH convulsants/Donepezil 9 Dec 2016/62.5microM Don F2.2,False,train
10.991288,7.3933706,3,AChE_Inhibitor_Reversible,umap,150,7,Donepezil,2,mid,AChE_Inhibitor_Reversible,Donepezil,mid,62.5 uM,/mnt/tyler/Matt Winter/BRAIN IMAGES BACKUP/SECOND BATCH convulsants/Donepezil 9 Dec 2016/62.5microM Don F2.4,False,train
14.291789,5.25151,0,Water,umap,155,0,Control,0,control,AChE_Inhibitor_Reversible,Donepezil,control,control,/mnt/tyler/Matt Winter/BRAIN IMAGES BACKUP/SECOND BATCH convulsants/Donepezil 8 Dec 2016/Water Don F1.3,True,train
10.15265,4.469962,0,Water,umap,156,0,Control,0,control,AChE_Inhibitor_Reversible,Donepezil,control,control,/mnt/tyler/Matt Winter/BRAIN IMAGES BACKUP/SECOND BATCH convulsants/Donepezil 8 Dec 2016/Water Don F1.5,True,train
13.556322,8.762536,0,Water,umap,157,0,Control,0,control,AChE_Inhibitor_Reversible,Donepezil,control,control,/mnt/tyler/Matt Winter/BRAIN IMAGES BACKUP/SECOND BATCH convulsants/Donepezil 9 Dec 2016/Water Don F2.3,True,train
14.388432,6.729395,0,Water,umap,158,0,Control,0,control,AChE_Inhibitor_Reversible,Donepezil,control,control,/mnt/tyler/Matt Winter/BRAIN IMAGES BACKUP/SECOND BATCH convulsants/Donepezil 9 Dec 2016/Water Don F2.5,True,train
8.404598,7.3736234,3,AChE_Inhibitor_Reversible,umap,160,8,Galantamine,1,high,AChE_Inhibitor_Reversible,Galantamine,high,1 mM,/mnt/tyler/Matt Winter/BRAIN IMAGES BACKUP/FOURTH BATCH 2018/Galantamine Run 1 28 sept 2018/1mM F1,False,train
8.240756,8.75056,3,AChE_Inhibitor_Reversible,umap,161,8,Galantamine,1,high,AChE_Inhibitor_Reversible,Galantamine,high,1 mM,/mnt/tyler/Matt Winter/BRAIN IMAGES BACKUP/FOURTH BATCH 2018/Galantamine Run 1 28 sept 2018/1mM F2,False,train
7.8910007,6.3748813,3,AChE_Inhibitor_Reversible,umap,163,8,Galantamine,1,high,AChE_Inhibitor_Reversible,Galantamine,high,1 mM,/mnt/tyler/Matt Winter/BRAIN IMAGES BACKUP/FOURTH BATCH 2018/Galantamine Run 1 28 sept 2018/1mM f3,False,train
14.411077,7.1436963,3,AChE_Inhibitor_Reversible,umap,164,8,Galantamine,1,high,AChE_Inhibitor_Reversible,Galantamine,high,1 mM,/mnt/tyler/Matt Winter/BRAIN IMAGES BACKUP/FOURTH BATCH 2018/Galantamine Run 2 1 Oct 2018/1mM F2.1,False,train
14.041938,8.412802,3,AChE_Inhibitor_Reversible,umap,166,8,Galantamine,1,high,AChE_Inhibitor_Reversible,Galantamine,high,1 mM,/mnt/tyler/Matt Winter/BRAIN IMAGES BACKUP/FOURTH BATCH 2018/Galantamine Run 2 1 Oct 2018/1mM F2.5,False,train
13.602369,8.77572,3,AChE_Inhibitor_Reversible,umap,167,8,Galantamine,1,high,AChE_Inhibitor_Reversible,Galantamine,high,1 mM,/mnt/tyler/Matt Winter/BRAIN IMAGES BACKUP/FOURTH BATCH 2018/Galantamine Run 2 1 Oct 2018/1mM f2.2,False,train
8.276844,8.131155,3,AChE_Inhibitor_Reversible,umap,170,8,Galantamine,2,mid,AChE_Inhibitor_Reversible,Galantamine,mid,0.5 mM,/mnt/tyler/Matt Winter/BRAIN IMAGES BACKUP/FOURTH BATCH 2018/Galantamine Run 1 28 sept 2018/0.5mM F4,False,train
7.8680778,8.480494,3,AChE_Inhibitor_Reversible,umap,171,8,Galantamine,2,mid,AChE_Inhibitor_Reversible,Galantamine,mid,0.5 mM,/mnt/tyler/Matt Winter/BRAIN IMAGES BACKUP/FOURTH BATCH 2018/Galantamine Run 1 28 sept 2018/0.5mM f1,False,train
8.430092,9.248852,3,AChE_Inhibitor_Reversible,umap,174,8,Galantamine,2,mid,AChE_Inhibitor_Reversible,Galantamine,mid,0.5 mM,/mnt/tyler/Matt Winter/BRAIN IMAGES BACKUP/FOURTH BATCH 2018/Galantamine Run 2 1 Oct 2018/0.5mM F2.3,False,train
14.026396,8.3240595,0,Water,umap,176,0,Control,0,control,AChE_Inhibitor_Reversible,Galantamine,control,control,/mnt/tyler/Matt Winter/BRAIN IMAGES BACKUP/FOURTH BATCH 2018/Galantamine Run 1 28 sept 2018/Water F1,True,train
14.2359295,8.188369,0,Water,umap,180,0,Control,0,control,AChE_Inhibitor_Reversible,Galantamine,control,control,/mnt/tyler/Matt Winter/BRAIN IMAGES BACKUP/FOURTH BATCH 2018/Galantamine Run 2 1 Oct 2018/Water F2.4,True,train
7.904141,8.813448,0,Water,umap,181,0,Control,0,control,AChE_Inhibitor_Reversible,Galantamine,control,control,/mnt/tyler/Matt Winter/BRAIN IMAGES BACKUP/FOURTH BATCH 2018/Galantamine Run 2 1 Oct 2018/Water F2.5,True,train
9.420805,9.20006,0,Water,umap,182,0,Control,0,control,AChE_Inhibitor_Reversible,Galantamine,control,control,/mnt/tyler/Matt Winter/BRAIN IMAGES BACKUP/FOURTH BATCH 2018/Galantamine Run 2 1 Oct 2018/Water f2.1,True,train
10.566695,9.799713,0,Water,umap,183,0,Control,0,control,AChE_Inhibitor_Reversible,Galantamine,control,control,/mnt/tyler/Matt Winter/BRAIN IMAGES BACKUP/FOURTH BATCH 2018/Galantamine Run 2 1 Oct 2018/water f2.2,True,train
10.2684965,4.96659,3,AChE_Inhibitor_Reversible,umap,184,9,Phenserine,1,high,AChE_Inhibitor_Reversible,Phenserine,high,125 uM,/mnt/tyler/Matt Winter/BRAIN IMAGES BACKUP/FOURTH BATCH 2018/Phenserine Run 1 9 July 2018 not processed yet/125microM F2,False,train
14.087508,4.5061255,3,AChE_Inhibitor_Reversible,umap,185,9,Phenserine,1,high,AChE_Inhibitor_Reversible,Phenserine,high,125 uM,/mnt/tyler/Matt Winter/BRAIN IMAGES BACKUP/FOURTH BATCH 2018/Phenserine Run 1 9 July 2018 not processed yet/125microM F3,False,train
13.866143,4.361322,3,AChE_Inhibitor_Reversible,umap,186,9,Phenserine,1,high,AChE_Inhibitor_Reversible,Phenserine,high,125 uM,/mnt/tyler/Matt Winter/BRAIN IMAGES BACKUP/FOURTH BATCH 2018/Phenserine Run 1 9 July 2018 not processed yet/125microM f1,False,train
14.863995,7.4579315,3,AChE_Inhibitor_Reversible,umap,187,9,Phenserine,1,high,AChE_Inhibitor_Reversible,Phenserine,high,125 uM,/mnt/tyler/Matt Winter/BRAIN IMAGES BACKUP/FOURTH BATCH 2018/Phenserine Run 1 9 July 2018 not processed yet/125microM f4,False,train
8.767034,8.048686,3,AChE_Inhibitor_Reversible,umap,188,9,Phenserine,1,high,AChE_Inhibitor_Reversible,Phenserine,high,125 uM,/mnt/tyler/Matt Winter/BRAIN IMAGES BACKUP/FOURTH BATCH 2018/Phenserine Run 2 13 July 2018 not processed yet/125microM F2.1,False,train
11.177964,7.425908,3,AChE_Inhibitor_Reversible,umap,193,9,Phenserine,2,mid,AChE_Inhibitor_Reversible,Phenserine,mid,62.5 uM,/mnt/tyler/Matt Winter/BRAIN IMAGES BACKUP/FOURTH BATCH 2018/Phenserine Run 1 9 July 2018 not processed yet/62.5microM F2,False,train
14.597631,6.3606052,3,AChE_Inhibitor_Reversible,umap,194,9,Phenserine,2,mid,AChE_Inhibitor_Reversible,Phenserine,mid,62.5 uM,/mnt/tyler/Matt Winter/BRAIN IMAGES BACKUP/FOURTH BATCH 2018/Phenserine Run 1 9 July 2018 not processed yet/62.5microM F3,False,train
7.8394804,7.326322,3,AChE_Inhibitor_Reversible,umap,195,9,Phenserine,2,mid,AChE_Inhibitor_Reversible,Phenserine,mid,62.5 uM,/mnt/tyler/Matt Winter/BRAIN IMAGES BACKUP/FOURTH BATCH 2018/Phenserine Run 2 13 July 2018 not processed yet/62.5microM F2.2,False,train
14.058299,8.406279,3,AChE_Inhibitor_Reversible,umap,196,9,Phenserine,2,mid,AChE_Inhibitor_Reversible,Phenserine,mid,62.5 uM,/mnt/tyler/Matt Winter/BRAIN IMAGES BACKUP/FOURTH BATCH 2018/Phenserine Run 2 13 July 2018 not processed yet/62.5microM F2.5,False,train
8.221289,9.334461,3,AChE_Inhibitor_Reversible,umap,197,9,Phenserine,2,mid,AChE_Inhibitor_Reversible,Phenserine,mid,62.5 uM,/mnt/tyler/Matt Winter/BRAIN IMAGES BACKUP/FOURTH BATCH 2018/Phenserine Run 2 13 July 2018 not processed yet/62.5microM F2.6,False,train
14.505542,6.0324464,0,Water,umap,201,0,Control,0,control,AChE_Inhibitor_Reversible,Phenserine,control,control,/mnt/tyler/Matt Winter/BRAIN IMAGES BACKUP/FOURTH BATCH 2018/Phenserine Run 1 9 July 2018 not processed yet/water F3,True,train
10.1429205,9.391704,0,Water,umap,203,0,Control,0,control,AChE_Inhibitor_Reversible,Phenserine,control,control,/mnt/tyler/Matt Winter/BRAIN IMAGES BACKUP/FOURTH BATCH 2018/Phenserine Run 2 13 July 2018 not processed yet/Water F2.1,True,train
8.074409,9.136723,0,Water,umap,206,0,Control,0,control,AChE_Inhibitor_Reversible,Phenserine,control,control,/mnt/tyler/Matt Winter/BRAIN IMAGES BACKUP/FOURTH BATCH 2018/Phenserine Run 2 13 July 2018 not processed yet/Water f2.3 ROIS AND RUN,True,train
14.6232605,7.315476,4,mAChR_Agonist_NonSelective,umap,208,10,Bethanechol,1,high,mAChR_Agonist_NonSelective,Bethanechol,high,1 mM,/mnt/tyler/Matt Winter/BRAIN IMAGES BACKUP/FOURTH BATCH 2018/Bethanechol Run 1 23 April 2018/1mM F2,False,train
14.30654,5.3145857,4,mAChR_Agonist_NonSelective,umap,209,10,Bethanechol,1,high,mAChR_Agonist_NonSelective,Bethanechol,high,1 mM,/mnt/tyler/Matt Winter/BRAIN IMAGES BACKUP/FOURTH BATCH 2018/Bethanechol Run 1 23 April 2018/1mM F3,False,train
10.554199,7.2059507,4,mAChR_Agonist_NonSelective,umap,210,10,Bethanechol,1,high,mAChR_Agonist_NonSelective,Bethanechol,high,1 mM,/mnt/tyler/Matt Winter/BRAIN IMAGES BACKUP/FOURTH BATCH 2018/Bethanechol Run 1 23 April 2018/1mM F4,False,train
14.501594,5.782966,4,mAChR_Agonist_NonSelective,umap,211,10,Bethanechol,1,high,mAChR_Agonist_NonSelective,Bethanechol,high,1 mM,/mnt/tyler/Matt Winter/BRAIN IMAGES BACKUP/FOURTH BATCH 2018/Bethanechol Run 2 30 APril 2018/1mM F2.1,False,train
13.783012,8.681359,4,mAChR_Agonist_NonSelective,umap,213,10,Bethanechol,1,high,mAChR_Agonist_NonSelective,Bethanechol,high,1 mM,/mnt/tyler/Matt Winter/BRAIN IMAGES BACKUP/FOURTH BATCH 2018/Bethanechol Run 2 30 APril 2018/1mM F2.3,False,train
11.679534,8.745156,4,mAChR_Agonist_NonSelective,umap,214,10,Bethanechol,1,high,mAChR_Agonist_NonSelective,Bethanechol,high,1 mM,/mnt/tyler/Matt Winter/BRAIN IMAGES BACKUP/FOURTH BATCH 2018/Bethanechol Run 2 30 APril 2018/1mM F2.4,False,train
9.604191,8.0715685,4,mAChR_Agonist_NonSelective,umap,215,10,Bethanechol,2,mid,mAChR_Agonist_NonSelective,Bethanechol,mid,0.5 mM,/mnt/tyler/Matt Winter/BRAIN IMAGES BACKUP/FOURTH BATCH 2018/Bethanechol Run 1 23 April 2018/0.5mM F1,False,train
7.654921,7.6913967,4,mAChR_Agonist_NonSelective,umap,216,10,Bethanechol,2,mid,mAChR_Agonist_NonSelective,Bethanechol,mid,0.5 mM,/mnt/tyler/Matt Winter/BRAIN IMAGES BACKUP/FOURTH BATCH 2018/Bethanechol Run 1 23 April 2018/0.5mM F2,False,train
8.635236,8.047131,4,mAChR_Agonist_NonSelective,umap,217,10,Bethanechol,2,mid,mAChR_Agonist_NonSelective,Bethanechol,mid,0.5 mM,/mnt/tyler/Matt Winter/BRAIN IMAGES BACKUP/FOURTH BATCH 2018/Bethanechol Run 1 23 April 2018/0.5mM F3,False,train
13.776087,4.680789,4,mAChR_Agonist_NonSelective,umap,219,10,Bethanechol,2,mid,mAChR_Agonist_NonSelective,Bethanechol,mid,0.5 mM,/mnt/tyler/Matt Winter/BRAIN IMAGES BACKUP/FOURTH BATCH 2018/Bethanechol Run 2 30 APril 2018/0.5mM F1.2,False,train
14.994453,7.08311,4,mAChR_Agonist_NonSelective,umap,220,10,Bethanechol,2,mid,mAChR_Agonist_NonSelective,Bethanechol,mid,0.5 mM,/mnt/tyler/Matt Winter/BRAIN IMAGES BACKUP/FOURTH BATCH 2018/Bethanechol Run 2 30 APril 2018/0.5mM F2.2,False,train
8.362835,7.516411,4,mAChR_Agonist_NonSelective,umap,222,10,Bethanechol,2,mid,mAChR_Agonist_NonSelective,Bethanechol,mid,0.5 mM,/mnt/tyler/Matt Winter/BRAIN IMAGES BACKUP/FOURTH BATCH 2018/Bethanechol Run 2 30 APril 2018/0.5mM F2.4,False,train
8.735112,7.853563,0,Water,umap,224,0,Control,0,control,mAChR_Agonist_NonSelective,Bethanechol,control,control,/mnt/tyler/Matt Winter/BRAIN IMAGES BACKUP/FOURTH BATCH 2018/Bethanechol Run 1 23 April 2018/Water F2,True,train
10.584693,7.175289,0,Water,umap,225,0,Control,0,control,mAChR_Agonist_NonSelective,Bethanechol,control,control,/mnt/tyler/Matt Winter/BRAIN IMAGES BACKUP/FOURTH BATCH 2018/Bethanechol Run 1 23 April 2018/Water F4,True,train
11.740184,9.037907,0,Water,umap,226,0,Control,0,control,mAChR_Agonist_NonSelective,Bethanechol,control,control,/mnt/tyler/Matt Winter/BRAIN IMAGES BACKUP/FOURTH BATCH 2018/Bethanechol Run 1 23 April 2018/Water f3,True,train
10.329201,9.527923,0,Water,umap,229,0,Control,0,control,mAChR_Agonist_NonSelective,Bethanechol,control,control,/mnt/tyler/Matt Winter/BRAIN IMAGES BACKUP/FOURTH BATCH 2018/Bethanechol Run 2 30 APril 2018/Water F2.4,True,train
8.196453,9.121063,0,Water,umap,230,0,Control,0,control,mAChR_Agonist_NonSelective,Bethanechol,control,control,/mnt/tyler/Matt Winter/BRAIN IMAGES BACKUP/FOURTH BATCH 2018/Bethanechol Run 2 30 APril 2018/Water F2.5,True,train
9.936345,4.746056,4,mAChR_Agonist_NonSelective,umap,232,11,Muscarine,1,high,mAChR_Agonist_NonSelective,Muscarine,high,1 mM,/mnt/tyler/Matt Winter/BRAIN IMAGES BACKUP/FOURTH BATCH 2018/Muscarine Run 1 13 April 2018/1mM F2,False,train
14.619763,6.181023,4,mAChR_Agonist_NonSelective,umap,233,11,Muscarine,1,high,mAChR_Agonist_NonSelective,Muscarine,high,1 mM,/mnt/tyler/Matt Winter/BRAIN IMAGES BACKUP/FOURTH BATCH 2018/Muscarine Run 1 13 April 2018/1mM F3,False,train
9.876891,7.6623373,4,mAChR_Agonist_NonSelective,umap,235,11,Muscarine,1,high,mAChR_Agonist_NonSelective,Muscarine,high,1 mM,/mnt/tyler/Matt Winter/BRAIN IMAGES BACKUP/FOURTH BATCH 2018/Muscarine Run 2 16 April 2018/1mM F2.1,False,train
7.81531,7.9545207,4,mAChR_Agonist_NonSelective,umap,236,11,Muscarine,1,high,mAChR_Agonist_NonSelective,Muscarine,high,1 mM,/mnt/tyler/Matt Winter/BRAIN IMAGES BACKUP/FOURTH BATCH 2018/Muscarine Run 2 16 April 2018/1mM F2.2,False,train
10.473065,6.8492045,4,mAChR_Agonist_NonSelective,umap,237,11,Muscarine,1,high,mAChR_Agonist_NonSelective,Muscarine,high,1 mM,/mnt/tyler/Matt Winter/BRAIN IMAGES BACKUP/FOURTH BATCH 2018/Muscarine Run 2 16 April 2018/1mM F2.3,False,train
12.597665,9.6307,4,mAChR_Agonist_NonSelective,umap,238,11,Muscarine,1,high,mAChR_Agonist_NonSelective,Muscarine,high,1 mM,/mnt/tyler/Matt Winter/BRAIN IMAGES BACKUP/FOURTH BATCH 2018/Muscarine Run 2 16 April 2018/1mM F2.4,False,train
8.386506,6.0557094,4,mAChR_Agonist_NonSelective,umap,242,11,Muscarine,2,mid,mAChR_Agonist_NonSelective,Muscarine,mid,0.5 mM,/mnt/tyler/Matt Winter/BRAIN IMAGES BACKUP/FOURTH BATCH 2018/Muscarine Run 1 13 April 2018/0.5mM F4,False,train
12.657914,9.60683,4,mAChR_Agonist_NonSelective,umap,244,11,Muscarine,2,mid,mAChR_Agonist_NonSelective,Muscarine,mid,0.5 mM,/mnt/tyler/Matt Winter/BRAIN IMAGES BACKUP/FOURTH BATCH 2018/Muscarine Run 2 16 April 2018/0.5mM F2.2,False,train
10.04488,6.1858506,4,mAChR_Agonist_NonSelective,umap,245,11,Muscarine,2,mid,mAChR_Agonist_NonSelective,Muscarine,mid,0.5 mM,/mnt/tyler/Matt Winter/BRAIN IMAGES BACKUP/FOURTH BATCH 2018/Muscarine Run 2 16 April 2018/0.5mM F2.3,False,train
8.050926,6.1691732,4,mAChR_Agonist_NonSelective,umap,246,11,Muscarine,2,mid,mAChR_Agonist_NonSelective,Muscarine,mid,0.5 mM,/mnt/tyler/Matt Winter/BRAIN IMAGES BACKUP/FOURTH BATCH 2018/Muscarine Run 2 16 April 2018/0.5mM F2.5,False,train
11.091923,7.5093966,0,Water,umap,247,0,Control,0,control,mAChR_Agonist_NonSelective,Muscarine,control,control,/mnt/tyler/Matt Winter/BRAIN IMAGES BACKUP/FOURTH BATCH 2018/Muscarine Run 1 13 April 2018/Water F2,True,train
11.964295,9.720169,0,Water,umap,249,0,Control,0,control,mAChR_Agonist_NonSelective,Muscarine,control,control,/mnt/tyler/Matt Winter/BRAIN IMAGES BACKUP/FOURTH BATCH 2018/Muscarine Run 1 13 April 2018/Water F4,True,train
9.248237,8.09523,0,Water,umap,251,0,Control,0,control,mAChR_Agonist_NonSelective,Muscarine,control,control,/mnt/tyler/Matt Winter/BRAIN IMAGES BACKUP/FOURTH BATCH 2018/Muscarine Run 2 16 April 2018/Water F2.3,True,train
8.6798525,9.842085,0,Water,umap,253,0,Control,0,control,mAChR_Agonist_NonSelective,Muscarine,control,control,/mnt/tyler/Matt Winter/BRAIN IMAGES BACKUP/FOURTH BATCH 2018/Muscarine Run 2 16 April 2018/Water F2.5,True,train
8.750431,-2.9538841,4,mAChR_Agonist_NonSelective,umap,255,12,Pilocarpine,1,high,mAChR_Agonist_NonSelective,Pilocarpine,high,10 mM,/mnt/tyler/Matt Winter/BRAIN IMAGES BACKUP/FIRST BATCH convulsants/Brain_Imaging_Rerun_-_New_Alignment/Pilocarpine_0.4OD/10mM,False,train
9.989544,4.6106324,4,mAChR_Agonist_NonSelective,umap,260,12,Pilocarpine,1,high,mAChR_Agonist_NonSelective,Pilocarpine,high,5 mM,/mnt/tyler/Matt Winter/BRAIN IMAGES BACKUP/FOURTH BATCH 2018/Pilocarpine ReRun 2 12 Feb 2019/5mM f2.5,False,train
7.812606,6.743941,4,mAChR_Agonist_NonSelective,umap,261,12,Pilocarpine,1,high,mAChR_Agonist_NonSelective,Pilocarpine,high,5 mM,/mnt/tyler/Matt Winter/BRAIN IMAGES BACKUP/FOURTH BATCH 2018/Pilocarpine repeat run 1 12 Feb 2019/5mM F1,False,train
10.076704,6.4992585,4,mAChR_Agonist_NonSelective,umap,262,12,Pilocarpine,1,high,mAChR_Agonist_NonSelective,Pilocarpine,high,5 mM,/mnt/tyler/Matt Winter/BRAIN IMAGES BACKUP/FOURTH BATCH 2018/Pilocarpine repeat run 1 12 Feb 2019/5mM F2,False,train
13.396554,8.990092,4,mAChR_Agonist_NonSelective,umap,264,12,Pilocarpine,1,high,mAChR_Agonist_NonSelective,Pilocarpine,high,5 mM,/mnt/tyler/Matt Winter/BRAIN IMAGES BACKUP/FOURTH BATCH 2018/Pilocarpine repeat run 1 12 Feb 2019/5mM F5,False,train
8.81246,-2.9075193,4,mAChR_Agonist_NonSelective,umap,265,12,Pilocarpine,2,mid,mAChR_Agonist_NonSelective,Pilocarpine,mid,2.5 mM,/mnt/tyler/Matt Winter/BRAIN IMAGES BACKUP/FIRST BATCH convulsants/Brain_Imaging_Rerun_-_New_Alignment/Pilocarpine_0.4OD/2.5mM,False,train
8.701251,-3.021154,4,mAChR_Agonist_NonSelective,umap,266,12,Pilocarpine,2,mid,mAChR_Agonist_NonSelective,Pilocarpine,mid,5 mM,/mnt/tyler/Matt Winter/BRAIN IMAGES BACKUP/FIRST BATCH convulsants/Brain_Imaging_Rerun_-_New_Alignment/Pilocarpine_0.4OD/5mM,False,train
8.858159,-2.8447623,0,Water,umap,271,0,Control,0,control,mAChR_Agonist_NonSelective,Pilocarpine,control,control,/mnt/tyler/Matt Winter/BRAIN IMAGES BACKUP/FIRST BATCH convulsants/Brain_Imaging_Rerun_-_New_Alignment/Pilocarpine_0.4OD/Control,True,train
9.023845,9.593293,0,Water,umap,273,0,Control,0,control,mAChR_Agonist_NonSelective,Pilocarpine,control,control,/mnt/tyler/Matt Winter/BRAIN IMAGES BACKUP/FOURTH BATCH 2018/Pilocarpine ReRun 2 12 Feb 2019/Water F2.1,True,train
9.125798,9.390859,0,Water,umap,276,0,Control,0,control,mAChR_Agonist_NonSelective,Pilocarpine,control,control,/mnt/tyler/Matt Winter/BRAIN IMAGES BACKUP/FOURTH BATCH 2018/Pilocarpine ReRun 2 12 Feb 2019/Water F2.5,True,train
10.149919,5.044973,0,Water,umap,278,0,Control,0,control,mAChR_Agonist_NonSelective,Pilocarpine,control,control,/mnt/tyler/Matt Winter/BRAIN IMAGES BACKUP/FOURTH BATCH 2018/Pilocarpine repeat run 1 12 Feb 2019/Water F4,True,train
9.638723,9.483635,0,Water,umap,280,0,Control,0,control,mAChR_Agonist_NonSelective,Pilocarpine,control,control,/mnt/tyler/Matt Winter/BRAIN IMAGES BACKUP/FOURTH BATCH 2018/Pilocarpine repeat run 1 12 Feb 2019/water F5,True,train
12.893899,9.476748,1,GABAAR_Antagonist,umap,7,1,Bemegride,1,high,GABAAR_Antagonist,Bemegride,high,1 mM,/mnt/tyler/Matt Winter/BRAIN IMAGES BACKUP/THIRD BATCH convulsants/Bemegride run 2 7 6 17/1mM F2.4,False,validation
8.83259,-2.8251197,1,GABAAR_Antagonist,umap,11,1,Bemegride,2,mid,GABAAR_Antagonist,Bemegride,mid,0.5 mM,/mnt/tyler/Matt Winter/BRAIN IMAGES BACKUP/THIRD BATCH convulsants/Bemegride run 1 1 June 17/0.5mM F6 0-85% fine,False,validation
14.233515,4.486161,0,Water,umap,17,0,Control,0,control,GABAAR_Antagonist,Bemegride,control,control,/mnt/tyler/Matt Winter/BRAIN IMAGES BACKUP/THIRD BATCH convulsants/Bemegride run 1 1 June 17/Water F2,True,validation
-0.44612733,13.913857,1,GABAAR_Antagonist,umap,25,2,Bicuculline,1,high,GABAAR_Antagonist,Bicuculline,high,250 uM,/mnt/tyler/Matt Winter/BRAIN IMAGES BACKUP/THIRD BATCH convulsants/Bicuculline run 1 24 5 17/250 microM F3,False,validation
-0.33856308,14.000697,1,GABAAR_Antagonist,umap,26,2,Bicuculline,1,high,GABAAR_Antagonist,Bicuculline,high,250 uM,/mnt/tyler/Matt Winter/BRAIN IMAGES BACKUP/THIRD BATCH convulsants/Bicuculline run 1 24 5 17/250 microM F5,False,validation
-0.3272246,14.02612,1,GABAAR_Antagonist,umap,30,2,Bicuculline,1,high,GABAAR_Antagonist,Bicuculline,high,250 uM,/mnt/tyler/Matt Winter/BRAIN IMAGES BACKUP/THIRD BATCH convulsants/Bicuculline run 2 25 5 17/250 microM F2.3,False,validation
14.968778,7.1417108,1,GABAAR_Antagonist,umap,36,2,Bicuculline,2,mid,GABAAR_Antagonist,Bicuculline,mid,125 uM,/mnt/tyler/Matt Winter/BRAIN IMAGES BACKUP/THIRD BATCH convulsants/Bicuculline run 2 25 5 17/125 microM F2.2,False,validation
-1.1798406,13.334997,0,Water,umap,41,0,Control,0,control,GABAAR_Antagonist,Bicuculline,control,control,/mnt/tyler/Matt Winter/BRAIN IMAGES BACKUP/THIRD BATCH convulsants/Bicuculline run 1 24 5 17/Water F4,True,validation
-1.2771497,13.260545,0,Water,umap,45,0,Control,0,control,GABAAR_Antagonist,Bicuculline,control,control,/mnt/tyler/Matt Winter/BRAIN IMAGES BACKUP/THIRD BATCH convulsants/Bicuculline run 2 25 5 17/Water F2.4,True,validation
13.628606,4.19817,1,GABAAR_Antagonist,umap,57,3,Gabazine,2,mid,GABAAR_Antagonist,Gabazine,mid,0.25 mM,/mnt/tyler/Matt Winter/BRAIN IMAGES BACKUP/THIRD BATCH convulsants/Gabazine Run 1 7 July 2017/0.25mM F3,False,validation
7.937529,-5.814641,2,NMDAR_Activation,umap,74,4,(RS)-(Tetrazol-5-yl)glycine,1,high,NMDAR_Activation,(RS)-(Tetrazol-5-yl)glycine,high,62.5 uM,/mnt/tyler/Matt Winter/BRAIN IMAGES BACKUP/FOURTH BATCH 2018/Rs tetrazol Glycine (RsT) Run 2 24 Aug 2018/62.5microM F2.1,False,validation
7.801041,-5.9450407,2,NMDAR_Activation,umap,75,4,(RS)-(Tetrazol-5-yl)glycine,1,high,NMDAR_Activation,(RS)-(Tetrazol-5-yl)glycine,high,62.5 uM,/mnt/tyler/Matt Winter/BRAIN IMAGES BACKUP/FOURTH BATCH 2018/Rs tetrazol Glycine (RsT) Run 2 24 Aug 2018/62.5microM F2.2,False,validation
10.412448,9.616244,0,Water,umap,85,0,Control,0,control,NMDAR_Activation,(RS)-(Tetrazol-5-yl)glycine,control,control,/mnt/tyler/Matt Winter/BRAIN IMAGES BACKUP/FOURTH BATCH 2018/Rs tetrazol Glycine (RsT) Run 1 21 aug 2018/Water F4,True,validation
10.002642,9.308037,0,Water,umap,87,0,Control,0,control,NMDAR_Activation,(RS)-(Tetrazol-5-yl)glycine,control,control,/mnt/tyler/Matt Winter/BRAIN IMAGES BACKUP/FOURTH BATCH 2018/Rs tetrazol Glycine (RsT) Run 2 24 Aug 2018/Water F2.1,True,validation
11.09025,7.3365602,2,NMDAR_Activation,umap,92,5,Cis-ACPD,1,high,NMDAR_Activation,Cis-ACPD,high,1 mM,/mnt/tyler/Matt Winter/BRAIN IMAGES BACKUP/FOURTH BATCH 2018/CisACPD Run 1 21 May 2018/1mM F2,False,validation
14.266602,8.2794695,2,NMDAR_Activation,umap,95,5,Cis-ACPD,1,high,NMDAR_Activation,Cis-ACPD,high,1 mM,/mnt/tyler/Matt Winter/BRAIN IMAGES BACKUP/FOURTH BATCH 2018/CisACPD Run 2 4 June 2018/1mM F2.2,False,validation
14.537023,7.3614373,2,NMDAR_Activation,umap,99,5,Cis-ACPD,2,mid,NMDAR_Activation,Cis-ACPD,mid,0.5 mM,/mnt/tyler/Matt Winter/BRAIN IMAGES BACKUP/FOURTH BATCH 2018/CisACPD Run 1 21 May 2018/0.5mM F1,False,validation
7.8627706,-5.928823,2,NMDAR_Activation,umap,126,6,N-methyl-D-aspartate,2,mid,NMDAR_Activation,N-methyl-D-aspartate,mid,1 mM,/mnt/tyler/Matt Winter/BRAIN IMAGES BACKUP/SECOND BATCH convulsants/NMDA 16 Dec 2016/1mM F1.4,False,validation
8.274024,9.424455,0,Water,umap,133,0,Control,0,control,NMDAR_Activation,N-methyl-D-aspartate,control,control,/mnt/tyler/Matt Winter/BRAIN IMAGES BACKUP/SECOND BATCH convulsants/NMDA 16 Jan 2017/Water F1,True,validation
7.653044,7.6267753,3,AChE_Inhibitor_Reversible,umap,137,7,Donepezil,1,high,AChE_Inhibitor_Reversible,Donepezil,high,125 uM,/mnt/tyler/Matt Winter/BRAIN IMAGES BACKUP/SECOND BATCH convulsants/Donepezil 8 Dec 2016/125microM Don F1.1,False,validation
9.856768,4.7312117,3,AChE_Inhibitor_Reversible,umap,141,7,Donepezil,1,high,AChE_Inhibitor_Reversible,Donepezil,high,125 uM,/mnt/tyler/Matt Winter/BRAIN IMAGES BACKUP/SECOND BATCH convulsants/Donepezil 9 Dec 2016/125microM Don F2.1,False,validation
8.96705,9.953357,3,AChE_Inhibitor_Reversible,umap,151,7,Donepezil,2,mid,AChE_Inhibitor_Reversible,Donepezil,mid,62.5 uM,/mnt/tyler/Matt Winter/BRAIN IMAGES BACKUP/SECOND BATCH convulsants/Donepezil 9 Dec 2016/62.5microM Don F2.5,False,validation
8.344143,-4.4301453,0,Water,umap,153,0,Control,0,control,AChE_Inhibitor_Reversible,Donepezil,control,control,/mnt/tyler/Matt Winter/BRAIN IMAGES BACKUP/SECOND BATCH convulsants/Donepezil 8 Dec 2016/Water Don F1.1 bright at end,True,validation
13.267443,4.2962823,0,Water,umap,154,0,Control,0,control,AChE_Inhibitor_Reversible,Donepezil,control,control,/mnt/tyler/Matt Winter/BRAIN IMAGES BACKUP/SECOND BATCH convulsants/Donepezil 8 Dec 2016/Water Don F1.2,True,validation
9.690205,7.9996314,0,Water,umap,159,0,Control,0,control,AChE_Inhibitor_Reversible,Donepezil,control,control,/mnt/tyler/Matt Winter/BRAIN IMAGES BACKUP/SECOND BATCH convulsants/Donepezil 9 Dec 2016/water Don F2.1,True,validation
10.805792,7.4982085,3,AChE_Inhibitor_Reversible,umap,165,8,Galantamine,1,high,AChE_Inhibitor_Reversible,Galantamine,high,1 mM,/mnt/tyler/Matt Winter/BRAIN IMAGES BACKUP/FOURTH BATCH 2018/Galantamine Run 2 1 Oct 2018/1mM F2.3,False,validation
7.7347784,8.569702,3,AChE_Inhibitor_Reversible,umap,169,8,Galantamine,2,mid,AChE_Inhibitor_Reversible,Galantamine,mid,0.5 mM,/mnt/tyler/Matt Winter/BRAIN IMAGES BACKUP/FOURTH BATCH 2018/Galantamine Run 1 28 sept 2018/0.5mM F3,False,validation
11.951583,8.934963,3,AChE_Inhibitor_Reversible,umap,172,8,Galantamine,2,mid,AChE_Inhibitor_Reversible,Galantamine,mid,0.5 mM,/mnt/tyler/Matt Winter/BRAIN IMAGES BACKUP/FOURTH BATCH 2018/Galantamine Run 2 1 Oct 2018/0.5mM F2.1,False,validation
8.959281,9.943253,0,Water,umap,177,0,Control,0,control,AChE_Inhibitor_Reversible,Galantamine,control,control,/mnt/tyler/Matt Winter/BRAIN IMAGES BACKUP/FOURTH BATCH 2018/Galantamine Run 1 28 sept 2018/Water F2,True,validation
11.792177,9.014252,0,Water,umap,179,0,Control,0,control,AChE_Inhibitor_Reversible,Galantamine,control,control,/mnt/tyler/Matt Winter/BRAIN IMAGES BACKUP/FOURTH BATCH 2018/Galantamine Run 1 28 sept 2018/Water F4,True,validation
11.318568,8.884661,3,AChE_Inhibitor_Reversible,umap,198,9,Phenserine,2,mid,AChE_Inhibitor_Reversible,Phenserine,mid,62.5 uM,/mnt/tyler/Matt Winter/BRAIN IMAGES BACKUP/FOURTH BATCH 2018/Phenserine Run 2 13 July 2018 not processed yet/62.5microm F2.1,False,validation
10.991756,9.787036,4,mAChR_Agonist_NonSelective,umap,221,10,Bethanechol,2,mid,mAChR_Agonist_NonSelective,Bethanechol,mid,0.5 mM,/mnt/tyler/Matt Winter/BRAIN IMAGES BACKUP/FOURTH BATCH 2018/Bethanechol Run 2 30 APril 2018/0.5mM F2.3,False,validation
8.664036,7.931812,0,Water,umap,227,0,Control,0,control,mAChR_Agonist_NonSelective,Bethanechol,control,control,/mnt/tyler/Matt Winter/BRAIN IMAGES BACKUP/FOURTH BATCH 2018/Bethanechol Run 2 30 APril 2018/Water F2.1,True,validation
10.228678,5.2027164,4,mAChR_Agonist_NonSelective,umap,231,11,Muscarine,1,high,mAChR_Agonist_NonSelective,Muscarine,high,1 mM,/mnt/tyler/Matt Winter/BRAIN IMAGES BACKUP/FOURTH BATCH 2018/Muscarine Run 1 13 April 2018/1mM F1,False,validation
8.478209,8.8527,4,mAChR_Agonist_NonSelective,umap,234,11,Muscarine,1,high,mAChR_Agonist_NonSelective,Muscarine,high,1 mM,/mnt/tyler/Matt Winter/BRAIN IMAGES BACKUP/FOURTH BATCH 2018/Muscarine Run 1 13 April 2018/1mM F4,False,validation
13.9689665,8.0521145,4,mAChR_Agonist_NonSelective,umap,240,11,Muscarine,2,mid,mAChR_Agonist_NonSelective,Muscarine,mid,0.5 mM,/mnt/tyler/Matt Winter/BRAIN IMAGES BACKUP/FOURTH BATCH 2018/Muscarine Run 1 13 April 2018/0.5mM F2,False,validation
11.556035,9.0291195,4,mAChR_Agonist_NonSelective,umap,241,11,Muscarine,2,mid,mAChR_Agonist_NonSelective,Muscarine,mid,0.5 mM,/mnt/tyler/Matt Winter/BRAIN IMAGES BACKUP/FOURTH BATCH 2018/Muscarine Run 1 13 April 2018/0.5mM F3,False,validation
11.966288,9.333908,4,mAChR_Agonist_NonSelective,umap,243,11,Muscarine,2,mid,mAChR_Agonist_NonSelective,Muscarine,mid,0.5 mM,/mnt/tyler/Matt Winter/BRAIN IMAGES BACKUP/FOURTH BATCH 2018/Muscarine Run 2 16 April 2018/0.5mM F2.1,False,validation
13.656554,4.574706,0,Water,umap,252,0,Control,0,control,mAChR_Agonist_NonSelective,Muscarine,control,control,/mnt/tyler/Matt Winter/BRAIN IMAGES BACKUP/FOURTH BATCH 2018/Muscarine Run 2 16 April 2018/Water F2.4,True,validation
8.1104,7.2398744,4,mAChR_Agonist_NonSelective,umap,258,12,Pilocarpine,1,high,mAChR_Agonist_NonSelective,Pilocarpine,high,5 mM,/mnt/tyler/Matt Winter/BRAIN IMAGES BACKUP/FOURTH BATCH 2018/Pilocarpine ReRun 2 12 Feb 2019/5mM F2.2,False,validation
8.759467,-2.9643943,0,Water,umap,272,0,Control,0,control,mAChR_Agonist_NonSelective,Pilocarpine,control,control,/mnt/tyler/Matt Winter/BRAIN IMAGES BACKUP/FIRST BATCH convulsants/Brain_Imaging_Rerun_-_New_Alignment/Pilocarpine_Round2_0.4OD/Control,True,validation
8.753328,8.699861,0,Water,umap,274,0,Control,0,control,mAChR_Agonist_NonSelective,Pilocarpine,control,control,/mnt/tyler/Matt Winter/BRAIN IMAGES BACKUP/FOURTH BATCH 2018/Pilocarpine ReRun 2 12 Feb 2019/Water F2.2,True,validation
7.882224,-6.018301,1,GABAAR_Antagonist,umap,0,1,Bemegride,1,high,GABAAR_Antagonist,Bemegride,high,1 mM,/mnt/tyler/Matt Winter/BRAIN IMAGES BACKUP/THIRD BATCH convulsants/Bemegride run 1 1 June 17/1mM F1,False,holdout
11.556726,8.981129,1,GABAAR_Antagonist,umap,2,1,Bemegride,1,high,GABAAR_Antagonist,Bemegride,high,1 mM,/mnt/tyler/Matt Winter/BRAIN IMAGES BACKUP/THIRD BATCH convulsants/Bemegride run 1 1 June 17/1mM F3,False,holdout
8.959374,8.1290045,1,GABAAR_Antagonist,umap,3,1,Bemegride,1,high,GABAAR_Antagonist,Bemegride,high,1 mM,/mnt/tyler/Matt Winter/BRAIN IMAGES BACKUP/THIRD BATCH convulsants/Bemegride run 1 1 June 17/1mM F6,False,holdout
10.344694,6.8247786,1,GABAAR_Antagonist,umap,9,1,Bemegride,2,mid,GABAAR_Antagonist,Bemegride,mid,0.5 mM,/mnt/tyler/Matt Winter/BRAIN IMAGES BACKUP/THIRD BATCH convulsants/Bemegride run 1 1 June 17/0.5mM F3,False,holdout
8.820345,-2.8825848,1,GABAAR_Antagonist,umap,10,1,Bemegride,2,mid,GABAAR_Antagonist,Bemegride,mid,0.5 mM,/mnt/tyler/Matt Winter/BRAIN IMAGES BACKUP/THIRD BATCH convulsants/Bemegride run 1 1 June 17/0.5mM F5 overexposed at very end but alive and fine,False,holdout
13.2644205,9.028231,1,GABAAR_Antagonist,umap,13,1,Bemegride,2,mid,GABAAR_Antagonist,Bemegride,mid,0.5 mM,/mnt/tyler/Matt Winter/BRAIN IMAGES BACKUP/THIRD BATCH convulsants/Bemegride run 2 7 6 17/0.5mM F2.2,False,holdout
-0.55799884,13.812816,1,GABAAR_Antagonist,umap,29,2,Bicuculline,1,high,GABAAR_Antagonist,Bicuculline,high,250 uM,/mnt/tyler/Matt Winter/BRAIN IMAGES BACKUP/THIRD BATCH convulsants/Bicuculline run 2 25 5 17/250 microM F2.2,False,holdout
-1.2632194,13.26665,1,GABAAR_Antagonist,umap,31,2,Bicuculline,1,high,GABAAR_Antagonist,Bicuculline,high,250 uM,/mnt/tyler/Matt Winter/BRAIN IMAGES BACKUP/THIRD BATCH convulsants/Bicuculline run 2 25 5 17/250 microM F2.4,False,holdout
-0.69963425,13.682792,1,GABAAR_Antagonist,umap,37,2,Bicuculline,2,mid,GABAAR_Antagonist,Bicuculline,mid,125 uM,/mnt/tyler/Matt Winter/BRAIN IMAGES BACKUP/THIRD BATCH convulsants/Bicuculline run 2 25 5 17/125 microM F2.3,False,holdout
-0.29048055,14.06302,0,Water,umap,40,0,Control,0,control,GABAAR_Antagonist,Bicuculline,control,control,/mnt/tyler/Matt Winter/BRAIN IMAGES BACKUP/THIRD BATCH convulsants/Bicuculline run 1 24 5 17/Water F3,True,holdout
-0.5913273,13.787077,0,Water,umap,43,0,Control,0,control,GABAAR_Antagonist,Bicuculline,control,control,/mnt/tyler/Matt Winter/BRAIN IMAGES BACKUP/THIRD BATCH convulsants/Bicuculline run 2 25 5 17/Water F2.1,True,holdout
14.964266,7.1112456,1,GABAAR_Antagonist,umap,50,3,Gabazine,1,high,GABAAR_Antagonist,Gabazine,high,0.5 mM,/mnt/tyler/Matt Winter/BRAIN IMAGES BACKUP/THIRD BATCH convulsants/Gabazine Run 1 7 July 2017/0.5mM F4,False,holdout
12.834372,9.475975,1,GABAAR_Antagonist,umap,55,3,Gabazine,2,mid,GABAAR_Antagonist,Gabazine,mid,0.25 mM,/mnt/tyler/Matt Winter/BRAIN IMAGES BACKUP/THIRD BATCH convulsants/Gabazine Run 1 7 July 2017/0.25mM F1,False,holdout
8.10854,6.3055706,1,GABAAR_Antagonist,umap,61,3,Gabazine,2,mid,GABAAR_Antagonist,Gabazine,mid,0.25 mM,/mnt/tyler/Matt Winter/BRAIN IMAGES BACKUP/THIRD BATCH convulsants/Gabazine Run 3 14 jUly 2017/0.25mM F3.4,False,holdout
10.608189,4.451606,0,Water,umap,66,0,Control,0,control,GABAAR_Antagonist,Gabazine,control,control,/mnt/tyler/Matt Winter/BRAIN IMAGES BACKUP/THIRD BATCH convulsants/Gabazine Run 3 14 jUly 2017/Water F3.1,True,holdout
13.534636,4.2394066,0,Water,umap,67,0,Control,0,control,GABAAR_Antagonist,Gabazine,control,control,/mnt/tyler/Matt Winter/BRAIN IMAGES BACKUP/THIRD BATCH convulsants/Gabazine Run 3 14 jUly 2017/Water F3.2,True,holdout
7.9087873,-5.6809587,2,NMDAR_Activation,umap,72,4,(RS)-(Tetrazol-5-yl)glycine,1,high,NMDAR_Activation,(RS)-(Tetrazol-5-yl)glycine,high,62.5 uM,/mnt/tyler/Matt Winter/BRAIN IMAGES BACKUP/FOURTH BATCH 2018/Rs tetrazol Glycine (RsT) Run 1 21 aug 2018/62.5microM F3,False,holdout
7.994719,-5.621574,2,NMDAR_Activation,umap,73,4,(RS)-(Tetrazol-5-yl)glycine,1,high,NMDAR_Activation,(RS)-(Tetrazol-5-yl)glycine,high,62.5 uM,/mnt/tyler/Matt Winter/BRAIN IMAGES BACKUP/FOURTH BATCH 2018/Rs tetrazol Glycine (RsT) Run 1 21 aug 2018/62.5microM F4,False,holdout
8.463403,-4.1015973,2,NMDAR_Activation,umap,78,4,(RS)-(Tetrazol-5-yl)glycine,2,mid,NMDAR_Activation,(RS)-(Tetrazol-5-yl)glycine,mid,31.25 uM,/mnt/tyler/Matt Winter/BRAIN IMAGES BACKUP/FOURTH BATCH 2018/Rs tetrazol Glycine (RsT) Run 1 21 aug 2018/31.25 microM F2 heart beat fine,False,holdout
13.879173,8.293655,0,Water,umap,84,0,Control,0,control,NMDAR_Activation,(RS)-(Tetrazol-5-yl)glycine,control,control,/mnt/tyler/Matt Winter/BRAIN IMAGES BACKUP/FOURTH BATCH 2018/Rs tetrazol Glycine (RsT) Run 1 21 aug 2018/Water F3,True,holdout
7.833869,7.998652,2,NMDAR_Activation,umap,91,5,Cis-ACPD,1,high,NMDAR_Activation,Cis-ACPD,high,1 mM,/mnt/tyler/Matt Winter/BRAIN IMAGES BACKUP/FOURTH BATCH 2018/CisACPD Run 1 21 May 2018/1mM F1,False,holdout
8.898507,-2.7037663,2,NMDAR_Activation,umap,97,5,Cis-ACPD,1,high,NMDAR_Activation,Cis-ACPD,high,1 mM,/mnt/tyler/Matt Winter/BRAIN IMAGES BACKUP/FOURTH BATCH 2018/CisACPD Run 2 4 June 2018/1mM F2.5,False,holdout
11.510395,8.93365,2,NMDAR_Activation,umap,104,5,Cis-ACPD,2,mid,NMDAR_Activation,Cis-ACPD,mid,0.5 mM,/mnt/tyler/Matt Winter/BRAIN IMAGES BACKUP/FOURTH BATCH 2018/CisACPD Run 2 4 June 2018/0.5mM F2.4,False,holdout
8.505648,7.2657795,0,Water,umap,110,0,Control,0,control,NMDAR_Activation,Cis-ACPD,control,control,/mnt/tyler/Matt Winter/BRAIN IMAGES BACKUP/FOURTH BATCH 2018/CisACPD Run 1 21 May 2018/water F2,True,holdout
10.120524,7.449123,0,Water,umap,111,0,Control,0,control,NMDAR_Activation,Cis-ACPD,control,control,/mnt/tyler/Matt Winter/BRAIN IMAGES BACKUP/FOURTH BATCH 2018/CisACPD Run 2 4 June 2018/Water F2.3,True,holdout
9.366304,9.349746,0,Water,umap,113,0,Control,0,control,NMDAR_Activation,Cis-ACPD,control,control,/mnt/tyler/Matt Winter/BRAIN IMAGES BACKUP/FOURTH BATCH 2018/CisACPD Run 2 4 June 2018/water F2.1,True,holdout
8.091652,-5.2269526,2,NMDAR_Activation,umap,117,6,N-methyl-D-aspartate,1,high,NMDAR_Activation,N-methyl-D-aspartate,high,2 mM,/mnt/tyler/Matt Winter/BRAIN IMAGES BACKUP/SECOND BATCH convulsants/NMDA 16 Dec 2016/2mM F1.3,False,holdout
8.097313,-5.1972933,2,NMDAR_Activation,umap,118,6,N-methyl-D-aspartate,1,high,NMDAR_Activation,N-methyl-D-aspartate,high,2 mM,/mnt/tyler/Matt Winter/BRAIN IMAGES BACKUP/SECOND BATCH convulsants/NMDA 16 Dec 2016/2mM F1.4,False,holdout
8.373402,-4.3089695,2,NMDAR_Activation,umap,121,6,N-methyl-D-aspartate,1,high,NMDAR_Activation,N-methyl-D-aspartate,high,2 mM,/mnt/tyler/Matt Winter/BRAIN IMAGES BACKUP/SECOND BATCH convulsants/NMDA 16 Jan 2017/2mM NMDA F3,False,holdout
8.168214,-5.530205,2,NMDAR_Activation,umap,125,6,N-methyl-D-aspartate,2,mid,NMDAR_Activation,N-methyl-D-aspartate,mid,1 mM,/mnt/tyler/Matt Winter/BRAIN IMAGES BACKUP/SECOND BATCH convulsants/NMDA 16 Dec 2016/1mM F1.3,False,holdout
9.9016485,8.067966,0,Water,umap,132,0,Control,0,control,NMDAR_Activation,N-methyl-D-aspartate,control,control,/mnt/tyler/Matt Winter/BRAIN IMAGES BACKUP/SECOND BATCH convulsants/NMDA 16 Dec 2016/water F1.4,True,holdout
8.637229,8.582298,0,Water,umap,134,0,Control,0,control,NMDAR_Activation,N-methyl-D-aspartate,control,control,/mnt/tyler/Matt Winter/BRAIN IMAGES BACKUP/SECOND BATCH convulsants/NMDA 16 Jan 2017/Water F2,True,holdout
8.356019,7.5002704,0,Water,umap,135,0,Control,0,control,NMDAR_Activation,N-methyl-D-aspartate,control,control,/mnt/tyler/Matt Winter/BRAIN IMAGES BACKUP/SECOND BATCH convulsants/NMDA 16 Jan 2017/Water F3,True,holdout
7.831827,6.435237,3,AChE_Inhibitor_Reversible,umap,138,7,Donepezil,1,high,AChE_Inhibitor_Reversible,Donepezil,high,125 uM,/mnt/tyler/Matt Winter/BRAIN IMAGES BACKUP/SECOND BATCH convulsants/Donepezil 8 Dec 2016/125microM Don F1.2,False,holdout
12.729816,9.542168,3,AChE_Inhibitor_Reversible,umap,140,7,Donepezil,1,high,AChE_Inhibitor_Reversible,Donepezil,high,125 uM,/mnt/tyler/Matt Winter/BRAIN IMAGES BACKUP/SECOND BATCH convulsants/Donepezil 8 Dec 2016/125microM Don F1.5,False,holdout
7.6024466,7.923849,3,AChE_Inhibitor_Reversible,umap,148,7,Donepezil,2,mid,AChE_Inhibitor_Reversible,Donepezil,mid,62.5 uM,/mnt/tyler/Matt Winter/BRAIN IMAGES BACKUP/SECOND BATCH convulsants/Donepezil 8 Dec 2016/62.5microM Don F1.6,False,holdout
7.9963675,6.281985,3,AChE_Inhibitor_Reversible,umap,152,7,Donepezil,2,mid,AChE_Inhibitor_Reversible,Donepezil,mid,62.5 uM,/mnt/tyler/Matt Winter/BRAIN IMAGES BACKUP/SECOND BATCH convulsants/Donepezil 9 Dec 2016/62.5microM don F2.3,False,holdout
10.1255,4.834116,3,AChE_Inhibitor_Reversible,umap,162,8,Galantamine,1,high,AChE_Inhibitor_Reversible,Galantamine,high,1 mM,/mnt/tyler/Matt Winter/BRAIN IMAGES BACKUP/FOURTH BATCH 2018/Galantamine Run 1 28 sept 2018/1mM F5 moved a little run from zero,False,holdout
7.8836308,7.215426,3,AChE_Inhibitor_Reversible,umap,168,8,Galantamine,2,mid,AChE_Inhibitor_Reversible,Galantamine,mid,0.5 mM,/mnt/tyler/Matt Winter/BRAIN IMAGES BACKUP/FOURTH BATCH 2018/Galantamine Run 1 28 sept 2018/0.5mM F2,False,holdout
8.066386,6.1911626,3,AChE_Inhibitor_Reversible,umap,173,8,Galantamine,2,mid,AChE_Inhibitor_Reversible,Galantamine,mid,0.5 mM,/mnt/tyler/Matt Winter/BRAIN IMAGES BACKUP/FOURTH BATCH 2018/Galantamine Run 2 1 Oct 2018/0.5mM F2.2,False,holdout
8.856831,9.5806,3,AChE_Inhibitor_Reversible,umap,175,8,Galantamine,2,mid,AChE_Inhibitor_Reversible,Galantamine,mid,0.5 mM,/mnt/tyler/Matt Winter/BRAIN IMAGES BACKUP/FOURTH BATCH 2018/Galantamine Run 2 1 Oct 2018/0.5mM f2.4,False,holdout
13.265946,4.26412,0,Water,umap,178,0,Control,0,control,AChE_Inhibitor_Reversible,Galantamine,control,control,/mnt/tyler/Matt Winter/BRAIN IMAGES BACKUP/FOURTH BATCH 2018/Galantamine Run 1 28 sept 2018/Water F3 run from zero as moved slightly,True,holdout
9.107929,7.987492,3,AChE_Inhibitor_Reversible,umap,189,9,Phenserine,1,high,AChE_Inhibitor_Reversible,Phenserine,high,125 uM,/mnt/tyler/Matt Winter/BRAIN IMAGES BACKUP/FOURTH BATCH 2018/Phenserine Run 2 13 July 2018 not processed yet/125microM F2.2,False,holdout
11.884102,8.832379,3,AChE_Inhibitor_Reversible,umap,190,9,Phenserine,1,high,AChE_Inhibitor_Reversible,Phenserine,high,125 uM,/mnt/tyler/Matt Winter/BRAIN IMAGES BACKUP/FOURTH BATCH 2018/Phenserine Run 2 13 July 2018 not processed yet/125microM F2.3,False,holdout
11.989507,9.712704,3,AChE_Inhibitor_Reversible,umap,191,9,Phenserine,1,high,AChE_Inhibitor_Reversible,Phenserine,high,125 uM,/mnt/tyler/Matt Winter/BRAIN IMAGES BACKUP/FOURTH BATCH 2018/Phenserine Run 2 13 July 2018 not processed yet/125microM F2.4,False,holdout
13.418979,8.97951,3,AChE_Inhibitor_Reversible,umap,192,9,Phenserine,2,mid,AChE_Inhibitor_Reversible,Phenserine,mid,62.5 uM,/mnt/tyler/Matt Winter/BRAIN IMAGES BACKUP/FOURTH BATCH 2018/Phenserine Run 1 9 July 2018 not processed yet/62.5microM F1,False,holdout
13.494967,4.1801805,0,Water,umap,199,0,Control,0,control,AChE_Inhibitor_Reversible,Phenserine,control,control,/mnt/tyler/Matt Winter/BRAIN IMAGES BACKUP/FOURTH BATCH 2018/Phenserine Run 1 9 July 2018 not processed yet/water F1,True,holdout
9.030125,9.556821,0,Water,umap,200,0,Control,0,control,AChE_Inhibitor_Reversible,Phenserine,control,control,/mnt/tyler/Matt Winter/BRAIN IMAGES BACKUP/FOURTH BATCH 2018/Phenserine Run 1 9 July 2018 not processed yet/water F2,True,holdout
11.796979,8.880251,0,Water,umap,202,0,Control,0,control,AChE_Inhibitor_Reversible,Phenserine,control,control,/mnt/tyler/Matt Winter/BRAIN IMAGES BACKUP/FOURTH BATCH 2018/Phenserine Run 1 9 July 2018 not processed yet/water f4,True,holdout
8.914542,9.97807,0,Water,umap,204,0,Control,0,control,AChE_Inhibitor_Reversible,Phenserine,control,control,/mnt/tyler/Matt Winter/BRAIN IMAGES BACKUP/FOURTH BATCH 2018/Phenserine Run 2 13 July 2018 not processed yet/Water F2.2,True,holdout
10.221565,9.514535,0,Water,umap,205,0,Control,0,control,AChE_Inhibitor_Reversible,Phenserine,control,control,/mnt/tyler/Matt Winter/BRAIN IMAGES BACKUP/FOURTH BATCH 2018/Phenserine Run 2 13 July 2018 not processed yet/Water F2.4,True,holdout
10.044498,9.289411,4,mAChR_Agonist_NonSelective,umap,207,10,Bethanechol,1,high,mAChR_Agonist_NonSelective,Bethanechol,high,1 mM,/mnt/tyler/Matt Winter/BRAIN IMAGES BACKUP/FOURTH BATCH 2018/Bethanechol Run 1 23 April 2018/1mM F1,False,holdout
10.950638,7.4348073,4,mAChR_Agonist_NonSelective,umap,212,10,Bethanechol,1,high,mAChR_Agonist_NonSelective,Bethanechol,high,1 mM,/mnt/tyler/Matt Winter/BRAIN IMAGES BACKUP/FOURTH BATCH 2018/Bethanechol Run 2 30 APril 2018/1mM F2.2,False,holdout
11.936556,9.342841,4,mAChR_Agonist_NonSelective,umap,218,10,Bethanechol,2,mid,mAChR_Agonist_NonSelective,Bethanechol,mid,0.5 mM,/mnt/tyler/Matt Winter/BRAIN IMAGES BACKUP/FOURTH BATCH 2018/Bethanechol Run 1 23 April 2018/0.5mM F4,False,holdout
14.688662,7.2192464,0,Water,umap,223,0,Control,0,control,mAChR_Agonist_NonSelective,Bethanechol,control,control,/mnt/tyler/Matt Winter/BRAIN IMAGES BACKUP/FOURTH BATCH 2018/Bethanechol Run 1 23 April 2018/Water F1,True,holdout
9.164797,9.864818,0,Water,umap,228,0,Control,0,control,mAChR_Agonist_NonSelective,Bethanechol,control,control,/mnt/tyler/Matt Winter/BRAIN IMAGES BACKUP/FOURTH BATCH 2018/Bethanechol Run 2 30 APril 2018/Water F2.3,True,holdout
7.824368,7.186734,4,mAChR_Agonist_NonSelective,umap,239,11,Muscarine,2,mid,mAChR_Agonist_NonSelective,Muscarine,mid,0.5 mM,/mnt/tyler/Matt Winter/BRAIN IMAGES BACKUP/FOURTH BATCH 2018/Muscarine Run 1 13 April 2018/0.5mM F1,False,holdout
14.31041,6.330985,0,Water,umap,248,0,Control,0,control,mAChR_Agonist_NonSelective,Muscarine,control,control,/mnt/tyler/Matt Winter/BRAIN IMAGES BACKUP/FOURTH BATCH 2018/Muscarine Run 1 13 April 2018/Water F3,True,holdout
10.194569,4.9162035,0,Water,umap,250,0,Control,0,control,mAChR_Agonist_NonSelective,Muscarine,control,control,/mnt/tyler/Matt Winter/BRAIN IMAGES BACKUP/FOURTH BATCH 2018/Muscarine Run 1 13 April 2018/water F1,True,holdout
12.206206,9.012777,0,Water,umap,254,0,Control,0,control,mAChR_Agonist_NonSelective,Muscarine,control,control,/mnt/tyler/Matt Winter/BRAIN IMAGES BACKUP/FOURTH BATCH 2018/Muscarine Run 2 16 April 2018/Water f2.1 funny angle,True,holdout
10.058766,5.4519753,4,mAChR_Agonist_NonSelective,umap,256,12,Pilocarpine,1,high,mAChR_Agonist_NonSelective,Pilocarpine,high,5 mM,/mnt/tyler/Matt Winter/BRAIN IMAGES BACKUP/FIRST BATCH convulsants/Brain_Imaging_Rerun_-_New_Alignment/Pilocarpine_Round2_0.4OD/5mM,False,holdout
10.612901,9.9484415,4,mAChR_Agonist_NonSelective,umap,257,12,Pilocarpine,1,high,mAChR_Agonist_NonSelective,Pilocarpine,high,5 mM,/mnt/tyler/Matt Winter/BRAIN IMAGES BACKUP/FOURTH BATCH 2018/Pilocarpine ReRun 2 12 Feb 2019/5mM F2.1,False,holdout
10.109184,4.536723,4,mAChR_Agonist_NonSelective,umap,259,12,Pilocarpine,1,high,mAChR_Agonist_NonSelective,Pilocarpine,high,5 mM,/mnt/tyler/Matt Winter/BRAIN IMAGES BACKUP/FOURTH BATCH 2018/Pilocarpine ReRun 2 12 Feb 2019/5mM F2.3,False,holdout
10.640599,7.2646317,4,mAChR_Agonist_NonSelective,umap,263,12,Pilocarpine,1,high,mAChR_Agonist_NonSelective,Pilocarpine,high,5 mM,/mnt/tyler/Matt Winter/BRAIN IMAGES BACKUP/FOURTH BATCH 2018/Pilocarpine repeat run 1 12 Feb 2019/5mM F3,False,holdout
8.934224,-2.7421658,4,mAChR_Agonist_NonSelective,umap,267,12,Pilocarpine,2,mid,mAChR_Agonist_NonSelective,Pilocarpine,mid,2.5 mM,/mnt/tyler/Matt Winter/BRAIN IMAGES BACKUP/FIRST BATCH convulsants/Brain_Imaging_Rerun_-_New_Alignment/Pilocarpine_Round2_0.4OD/2.5mM,False,holdout
8.31755,7.2137637,4,mAChR_Agonist_NonSelective,umap,268,12,Pilocarpine,2,mid,mAChR_Agonist_NonSelective,Pilocarpine,mid,2.5 mM,/mnt/tyler/Matt Winter/BRAIN IMAGES BACKUP/FOURTH BATCH 2018/Pilocarpine ReRun 2 12 Feb 2019/2.5mM F2.1,False,holdout
8.2822895,9.039481,4,mAChR_Agonist_NonSelective,umap,269,12,Pilocarpine,2,mid,mAChR_Agonist_NonSelective,Pilocarpine,mid,2.5 mM,/mnt/tyler/Matt Winter/BRAIN IMAGES BACKUP/FOURTH BATCH 2018/Pilocarpine ReRun 2 12 Feb 2019/2.5mM F2.3,False,holdout
8.212274,6.206364,4,mAChR_Agonist_NonSelective,umap,270,12,Pilocarpine,2,mid,mAChR_Agonist_NonSelective,Pilocarpine,mid,2.5 mM,/mnt/tyler/Matt Winter/BRAIN IMAGES BACKUP/FOURTH BATCH 2018/Pilocarpine ReRun 2 12 Feb 2019/2.5mM F2.4,False,holdout
9.735798,7.4437747,0,Water,umap,275,0,Control,0,control,mAChR_Agonist_NonSelective,Pilocarpine,control,control,/mnt/tyler/Matt Winter/BRAIN IMAGES BACKUP/FOURTH BATCH 2018/Pilocarpine ReRun 2 12 Feb 2019/Water F2.4,True,holdout
8.600222,9.700288,0,Water,umap,277,0,Control,0,control,mAChR_Agonist_NonSelective,Pilocarpine,control,control,/mnt/tyler/Matt Winter/BRAIN IMAGES BACKUP/FOURTH BATCH 2018/Pilocarpine repeat run 1 12 Feb 2019/Water F1,True,holdout
12.235973,9.629937,0,Water,umap,279,0,Control,0,control,mAChR_Agonist_NonSelective,Pilocarpine,control,control,/mnt/tyler/Matt Winter/BRAIN IMAGES BACKUP/FOURTH BATCH 2018/Pilocarpine repeat run 1 12 Feb 2019/Water f2,True,holdout
