true_label,true_name,pred_label,pred_name,original_instance_id,label,compound_label,compound_label_name,concentration_label_id,concentration_label_name,label_name,mechanism_of_action,compound,concentration_band,concentration_label,image_condition_dir,is_control,proba_control,proba_high,proba_mid
1,high,2,mid,0,1,1,Bemegride,1,high,GABAAR_Antagonist,GABAAR_Antagonist,Bemegride,high,1 mM,/mnt/tyler/Matt Winter/BRAIN IMAGES BACKUP/THIRD BATCH convulsants/Bemegride run 1 1 June 17/1mM F1,False,0.05779705569148064,0.3777403235435486,0.5644626617431641
1,high,2,mid,2,1,1,Bemegride,1,high,GABAAR_Antagonist,GABAAR_Antagonist,Bemegride,high,1 mM,/mnt/tyler/Matt Winter/BRAIN IMAGES BACKUP/THIRD BATCH convulsants/Bemegride run 1 1 June 17/1mM F3,False,0.30446773767471313,0.3063684105873108,0.38916388154029846
1,high,2,mid,3,1,1,Bemegride,1,high,GABAAR_Antagonist,GABAAR_Antagonist,Bemegride,high,1 mM,/mnt/tyler/Matt Winter/BRAIN IMAGES BACKUP/THIRD BATCH convulsants/Bemegride run 1 1 June 17/1mM F6,False,0.30871811509132385,0.2990313172340393,0.39225056767463684
2,mid,0,control,9,1,1,Bemegride,2,mid,GABAAR_Antagonist,GABAAR_Antagonist,Bemegride,mid,0.5 mM,/mnt/tyler/Matt Winter/BRAIN IMAGES BACKUP/THIRD BATCH convulsants/Bemegride run 1 1 June 17/0.5mM F3,False,0.42678314447402954,0.2727648615837097,0.30045199394226074
2,mid,2,mid,10,1,1,Bemegride,2,mid,GABAAR_Antagonist,GABAAR_Antagonist,Bemegride,mid,0.5 mM,/mnt/tyler/Matt Winter/BRAIN IMAGES BACKUP/THIRD BATCH convulsants/Bemegride run 1 1 June 17/0.5mM F5 overexposed at very end but alive and fine,False,0.10108110308647156,0.3495253622531891,0.5493935346603394
2,mid,0,control,13,1,1,Bemegride,2,mid,GABAAR_Antagonist,GABAAR_Antagonist,Bemegride,mid,0.5 mM,/mnt/tyler/Matt Winter/BRAIN IMAGES BACKUP/THIRD BATCH convulsants/Bemegride run 2 7 6 17/0.5mM F2.2,False,0.4643910825252533,0.27511465549468994,0.26049432158470154
1,high,2,mid,29,1,2,Bicuculline,1,high,GABAAR_Antagonist,GABAAR_Antagonist,Bicuculline,high,250 uM,/mnt/tyler/Matt Winter/BRAIN IMAGES BACKUP/THIRD BATCH convulsants/Bicuculline run 2 25 5 17/250 microM F2.2,False,0.33338063955307007,0.294956773519516,0.37166258692741394
1,high,2,mid,31,1,2,Bicuculline,1,high,GABAAR_Antagonist,GABAAR_Antagonist,Bicuculline,high,250 uM,/mnt/tyler/Matt Winter/BRAIN IMAGES BACKUP/THIRD BATCH convulsants/Bicuculline run 2 25 5 17/250 microM F2.4,False,0.35921916365623474,0.2688836455345154,0.3718971908092499
2,mid,2,mid,37,1,2,Bicuculline,2,mid,GABAAR_Antagonist,GABAAR_Antagonist,Bicuculline,mid,125 uM,/mnt/tyler/Matt Winter/BRAIN IMAGES BACKUP/THIRD BATCH convulsants/Bicuculline run 2 25 5 17/125 microM F2.3,False,0.28028735518455505,0.31291064620018005,0.40680205821990967
0,control,2,mid,40,0,0,Control,0,control,Water,GABAAR_Antagonist,Bicuculline,control,control,/mnt/tyler/Matt Winter/BRAIN IMAGES BACKUP/THIRD BATCH convulsants/Bicuculline run 1 24 5 17/Water F3,True,0.346942275762558,0.2891310155391693,0.3639267683029175
0,control,2,mid,43,0,0,Control,0,control,Water,GABAAR_Antagonist,Bicuculline,control,control,/mnt/tyler/Matt Winter/BRAIN IMAGES BACKUP/THIRD BATCH convulsants/Bicuculline run 2 25 5 17/Water F2.1,True,0.33737990260124207,0.28986766934394836,0.3727523982524872
1,high,0,control,50,1,3,Gabazine,1,high,GABAAR_Antagonist,GABAAR_Antagonist,Gabazine,high,0.5 mM,/mnt/tyler/Matt Winter/BRAIN IMAGES BACKUP/THIRD BATCH convulsants/Gabazine Run 1 7 July 2017/0.5mM F4,False,0.4455275237560272,0.2780490517616272,0.2764233648777008
2,mid,0,control,55,1,3,Gabazine,2,mid,GABAAR_Antagonist,GABAAR_Antagonist,Gabazine,mid,0.25 mM,/mnt/tyler/Matt Winter/BRAIN IMAGES BACKUP/THIRD BATCH convulsants/Gabazine Run 1 7 July 2017/0.25mM F1,False,0.4658238887786865,0.27546679973602295,0.2587093412876129
2,mid,0,control,61,1,3,Gabazine,2,mid,GABAAR_Antagonist,GABAAR_Antagonist,Gabazine,mid,0.25 mM,/mnt/tyler/Matt Winter/BRAIN IMAGES BACKUP/THIRD BATCH convulsants/Gabazine Run 3 14 jUly 2017/0.25mM F3.4,False,0.3763977289199829,0.27736061811447144,0.34624168276786804
0,control,0,control,66,0,0,Control,0,control,Water,GABAAR_Antagonist,Gabazine,control,control,/mnt/tyler/Matt Winter/BRAIN IMAGES BACKUP/THIRD BATCH convulsants/Gabazine Run 3 14 jUly 2017/Water F3.1,True,0.44468915462493896,0.28492510318756104,0.2703858017921448
0,control,0,control,67,0,0,Control,0,control,Water,GABAAR_Antagonist,Gabazine,control,control,/mnt/tyler/Matt Winter/BRAIN IMAGES BACKUP/THIRD BATCH convulsants/Gabazine Run 3 14 jUly 2017/Water F3.2,True,0.4455554485321045,0.2847336232662201,0.2697109580039978
1,high,2,mid,72,2,4,(RS)-(Tetrazol-5-yl)glycine,1,high,NMDAR_Activation,NMDAR_Activation,(RS)-(Tetrazol-5-yl)glycine,high,62.5 uM,/mnt/tyler/Matt Winter/BRAIN IMAGES BACKUP/FOURTH BATCH 2018/Rs tetrazol Glycine (RsT) Run 1 21 aug 2018/62.5microM F3,False,0.033392734825611115,0.40005606412887573,0.566551148891449
1,high,1,high,73,2,4,(RS)-(Tetrazol-5-yl)glycine,1,high,NMDAR_Activation,NMDAR_Activation,(RS)-(Tetrazol-5-yl)glycine,high,62.5 uM,/mnt/tyler/Matt Winter/BRAIN IMAGES BACKUP/FOURTH BATCH 2018/Rs tetrazol Glycine (RsT) Run 1 21 aug 2018/62.5microM F4,False,0.02650480903685093,0.49918901920318604,0.47430619597435
2,mid,2,mid,78,2,4,(RS)-(Tetrazol-5-yl)glycine,2,mid,NMDAR_Activation,NMDAR_Activation,(RS)-(Tetrazol-5-yl)glycine,mid,31.25 uM,/mnt/tyler/Matt Winter/BRAIN IMAGES BACKUP/FOURTH BATCH 2018/Rs tetrazol Glycine (RsT) Run 1 21 aug 2018/31.25 microM F2 heart beat fine,False,0.04257062450051308,0.447113037109375,0.5103163719177246
0,control,0,control,84,0,0,Control,0,control,Water,NMDAR_Activation,(RS)-(Tetrazol-5-yl)glycine,control,control,/mnt/tyler/Matt Winter/BRAIN IMAGES BACKUP/FOURTH BATCH 2018/Rs tetrazol Glycine (RsT) Run 1 21 aug 2018/Water F3,True,0.4676998257637024,0.27549970149993896,0.25680044293403625
1,high,0,control,91,2,5,Cis-ACPD,1,high,NMDAR_Activation,NMDAR_Activation,Cis-ACPD,high,1 mM,/mnt/tyler/Matt Winter/BRAIN IMAGES BACKUP/FOURTH BATCH 2018/CisACPD Run 1 21 May 2018/1mM F1,False,0.4711688756942749,0.27283820509910583,0.2559927999973297
1,high,2,mid,97,2,5,Cis-ACPD,1,high,NMDAR_Activation,NMDAR_Activation,Cis-ACPD,high,1 mM,/mnt/tyler/Matt Winter/BRAIN IMAGES BACKUP/FOURTH BATCH 2018/CisACPD Run 2 4 June 2018/1mM F2.5,False,0.13930243253707886,0.4045049250125885,0.4561927020549774
2,mid,0,control,104,2,5,Cis-ACPD,2,mid,NMDAR_Activation,NMDAR_Activation,Cis-ACPD,mid,0.5 mM,/mnt/tyler/Matt Winter/BRAIN IMAGES BACKUP/FOURTH BATCH 2018/CisACPD Run 2 4 June 2018/0.5mM F2.4,False,0.47175267338752747,0.2721928358078003,0.25605449080467224
0,control,0,control,110,0,0,Control,0,control,Water,NMDAR_Activation,Cis-ACPD,control,control,/mnt/tyler/Matt Winter/BRAIN IMAGES BACKUP/FOURTH BATCH 2018/CisACPD Run 1 21 May 2018/water F2,True,0.3792058229446411,0.2810451090335846,0.3397490680217743
0,control,0,control,111,0,0,Control,0,control,Water,NMDAR_Activation,Cis-ACPD,control,control,/mnt/tyler/Matt Winter/BRAIN IMAGES BACKUP/FOURTH BATCH 2018/CisACPD Run 2 4 June 2018/Water F2.3,True,0.46920934319496155,0.2728870213031769,0.25790372490882874
0,control,0,control,113,0,0,Control,0,control,Water,NMDAR_Activation,Cis-ACPD,control,control,/mnt/tyler/Matt Winter/BRAIN IMAGES BACKUP/FOURTH BATCH 2018/CisACPD Run 2 4 June 2018/water F2.1,True,0.46292412281036377,0.27465346455574036,0.2624224126338959
1,high,1,high,117,2,6,N-methyl-D-aspartate,1,high,NMDAR_Activation,NMDAR_Activation,N-methyl-D-aspartate,high,2 mM,/mnt/tyler/Matt Winter/BRAIN IMAGES BACKUP/SECOND BATCH convulsants/NMDA 16 Dec 2016/2mM F1.3,False,0.024671992287039757,0.6126384139060974,0.3626894950866699
1,high,1,high,118,2,6,N-methyl-D-aspartate,1,high,NMDAR_Activation,NMDAR_Activation,N-methyl-D-aspartate,high,2 mM,/mnt/tyler/Matt Winter/BRAIN IMAGES BACKUP/SECOND BATCH convulsants/NMDA 16 Dec 2016/2mM F1.4,False,0.023940591141581535,0.6083678007125854,0.36769163608551025
1,high,1,high,121,2,6,N-methyl-D-aspartate,1,high,NMDAR_Activation,NMDAR_Activation,N-methyl-D-aspartate,high,2 mM,/mnt/tyler/Matt Winter/BRAIN IMAGES BACKUP/SECOND BATCH convulsants/NMDA 16 Jan 2017/2mM NMDA F3,False,0.026332395151257515,0.5057945251464844,0.46787309646606445
2,mid,1,high,125,2,6,N-methyl-D-aspartate,2,mid,NMDAR_Activation,NMDAR_Activation,N-methyl-D-aspartate,mid,1 mM,/mnt/tyler/Matt Winter/BRAIN IMAGES BACKUP/SECOND BATCH convulsants/NMDA 16 Dec 2016/1mM F1.3,False,0.03196088224649429,0.48508039116859436,0.4829586446285248
0,control,0,control,132,0,0,Control,0,control,Water,NMDAR_Activation,N-methyl-D-aspartate,control,control,/mnt/tyler/Matt Winter/BRAIN IMAGES BACKUP/SECOND BATCH convulsants/NMDA 16 Dec 2016/water F1.4,True,0.4623945653438568,0.26932939887046814,0.2682759761810303
0,control,0,control,134,0,0,Control,0,control,Water,NMDAR_Activation,N-methyl-D-aspartate,control,control,/mnt/tyler/Matt Winter/BRAIN IMAGES BACKUP/SECOND BATCH convulsants/NMDA 16 Jan 2017/Water F2,True,0.4527221918106079,0.26751282811164856,0.27976498007774353
0,control,0,control,135,0,0,Control,0,control,Water,NMDAR_Activation,N-methyl-D-aspartate,control,control,/mnt/tyler/Matt Winter/BRAIN IMAGES BACKUP/SECOND BATCH convulsants/NMDA 16 Jan 2017/Water F3,True,0.4356069564819336,0.26941338181495667,0.29497969150543213
1,high,0,control,138,3,7,Donepezil,1,high,AChE_Inhibitor_Reversible,AChE_Inhibitor_Reversible,Donepezil,high,125 uM,/mnt/tyler/Matt Winter/BRAIN IMAGES BACKUP/SECOND BATCH convulsants/Donepezil 8 Dec 2016/125microM Don F1.2,False,0.4099201560020447,0.2754521369934082,0.31462767720222473
1,high,0,control,140,3,7,Donepezil,1,high,AChE_Inhibitor_Reversible,AChE_Inhibitor_Reversible,Donepezil,high,125 uM,/mnt/tyler/Matt Winter/BRAIN IMAGES BACKUP/SECOND BATCH convulsants/Donepezil 8 Dec 2016/125microM Don F1.5,False,0.44489720463752747,0.2861091196537018,0.26899364590644836
2,mid,0,control,148,3,7,Donepezil,2,mid,AChE_Inhibitor_Reversible,AChE_Inhibitor_Reversible,Donepezil,mid,62.5 uM,/mnt/tyler/Matt Winter/BRAIN IMAGES BACKUP/SECOND BATCH convulsants/Donepezil 8 Dec 2016/62.5microM Don F1.6,False,0.4642345607280731,0.27661311626434326,0.25915229320526123
2,mid,2,mid,152,3,7,Donepezil,2,mid,AChE_Inhibitor_Reversible,AChE_Inhibitor_Reversible,Donepezil,mid,62.5 uM,/mnt/tyler/Matt Winter/BRAIN IMAGES BACKUP/SECOND BATCH convulsants/Donepezil 9 Dec 2016/62.5microM don F2.3,False,0.16860266029834747,0.31111207604408264,0.5202853083610535
1,high,2,mid,162,3,8,Galantamine,1,high,AChE_Inhibitor_Reversible,AChE_Inhibitor_Reversible,Galantamine,high,1 mM,/mnt/tyler/Matt Winter/BRAIN IMAGES BACKUP/FOURTH BATCH 2018/Galantamine Run 1 28 sept 2018/1mM F5 moved a little run from zero,False,0.25636717677116394,0.3124234080314636,0.4312094449996948
2,mid,0,control,168,3,8,Galantamine,2,mid,AChE_Inhibitor_Reversible,AChE_Inhibitor_Reversible,Galantamine,mid,0.5 mM,/mnt/tyler/Matt Winter/BRAIN IMAGES BACKUP/FOURTH BATCH 2018/Galantamine Run 1 28 sept 2018/0.5mM F2,False,0.37510183453559875,0.28545424342155457,0.3394438624382019
2,mid,0,control,173,3,8,Galantamine,2,mid,AChE_Inhibitor_Reversible,AChE_Inhibitor_Reversible,Galantamine,mid,0.5 mM,/mnt/tyler/Matt Winter/BRAIN IMAGES BACKUP/FOURTH BATCH 2018/Galantamine Run 2 1 Oct 2018/0.5mM F2.2,False,0.37540027499198914,0.2834678292274475,0.3411319851875305
2,mid,0,control,175,3,8,Galantamine,2,mid,AChE_Inhibitor_Reversible,AChE_Inhibitor_Reversible,Galantamine,mid,0.5 mM,/mnt/tyler/Matt Winter/BRAIN IMAGES BACKUP/FOURTH BATCH 2018/Galantamine Run 2 1 Oct 2018/0.5mM f2.4,False,0.4716845154762268,0.27223631739616394,0.25607919692993164
0,control,0,control,178,0,0,Control,0,control,Water,AChE_Inhibitor_Reversible,Galantamine,control,control,/mnt/tyler/Matt Winter/BRAIN IMAGES BACKUP/FOURTH BATCH 2018/Galantamine Run 1 28 sept 2018/Water F3 run from zero as moved slightly,True,0.43853041529655457,0.2886159121990204,0.27285367250442505
1,high,0,control,189,3,9,Phenserine,1,high,AChE_Inhibitor_Reversible,AChE_Inhibitor_Reversible,Phenserine,high,125 uM,/mnt/tyler/Matt Winter/BRAIN IMAGES BACKUP/FOURTH BATCH 2018/Phenserine Run 2 13 July 2018 not processed yet/125microM F2.2,False,0.37274590134620667,0.2848016023635864,0.3424524664878845
1,high,0,control,190,3,9,Phenserine,1,high,AChE_Inhibitor_Reversible,AChE_Inhibitor_Reversible,Phenserine,high,125 uM,/mnt/tyler/Matt Winter/BRAIN IMAGES BACKUP/FOURTH BATCH 2018/Phenserine Run 2 13 July 2018 not processed yet/125microM F2.3,False,0.46756282448768616,0.2748684287071228,0.25756874680519104
1,high,0,control,191,3,9,Phenserine,1,high,AChE_Inhibitor_Reversible,AChE_Inhibitor_Reversible,Phenserine,high,125 uM,/mnt/tyler/Matt Winter/BRAIN IMAGES BACKUP/FOURTH BATCH 2018/Phenserine Run 2 13 July 2018 not processed yet/125microM F2.4,False,0.4731113612651825,0.2729606330394745,0.253928005695343
2,mid,0,control,192,3,9,Phenserine,2,mid,AChE_Inhibitor_Reversible,AChE_Inhibitor_Reversible,Phenserine,mid,62.5 uM,/mnt/tyler/Matt Winter/BRAIN IMAGES BACKUP/FOURTH BATCH 2018/Phenserine Run 1 9 July 2018 not processed yet/62.5microM F1,False,0.4724176526069641,0.2723053991794586,0.25527697801589966
0,control,0,control,199,0,0,Control,0,control,Water,AChE_Inhibitor_Reversible,Phenserine,control,control,/mnt/tyler/Matt Winter/BRAIN IMAGES BACKUP/FOURTH BATCH 2018/Phenserine Run 1 9 July 2018 not processed yet/water F1,True,0.4463562071323395,0.28522056341171265,0.2684231400489807
0,control,0,control,200,0,0,Control,0,control,Water,AChE_Inhibitor_Reversible,Phenserine,control,control,/mnt/tyler/Matt Winter/BRAIN IMAGES BACKUP/FOURTH BATCH 2018/Phenserine Run 1 9 July 2018 not processed yet/water F2,True,0.47183069586753845,0.27181413769721985,0.25635525584220886
0,control,0,control,202,0,0,Control,0,control,Water,AChE_Inhibitor_Reversible,Phenserine,control,control,/mnt/tyler/Matt Winter/BRAIN IMAGES BACKUP/FOURTH BATCH 2018/Phenserine Run 1 9 July 2018 not processed yet/water f4,True,0.46874967217445374,0.272117018699646,0.25913336873054504
0,control,0,control,204,0,0,Control,0,control,Water,AChE_Inhibitor_Reversible,Phenserine,control,control,/mnt/tyler/Matt Winter/BRAIN IMAGES BACKUP/FOURTH BATCH 2018/Phenserine Run 2 13 July 2018 not processed yet/Water F2.2,True,0.46899867057800293,0.27486753463745117,0.2561337947845459
0,control,0,control,205,0,0,Control,0,control,Water,AChE_Inhibitor_Reversible,Phenserine,control,control,/mnt/tyler/Matt Winter/BRAIN IMAGES BACKUP/FOURTH BATCH 2018/Phenserine Run 2 13 July 2018 not processed yet/Water F2.4,True,0.46193742752075195,0.2720399498939514,0.26602259278297424
1,high,0,control,207,4,10,Bethanechol,1,high,mAChR_Agonist_NonSelective,mAChR_Agonist_NonSelective,Bethanechol,high,1 mM,/mnt/tyler/Matt Winter/BRAIN IMAGES BACKUP/FOURTH BATCH 2018/Bethanechol Run 1 23 April 2018/1mM F1,False,0.4713837802410126,0.27127954363822937,0.2573366165161133
1,high,0,control,212,4,10,Bethanechol,1,high,mAChR_Agonist_NonSelective,mAChR_Agonist_NonSelective,Bethanechol,high,1 mM,/mnt/tyler/Matt Winter/BRAIN IMAGES BACKUP/FOURTH BATCH 2018/Bethanechol Run 2 30 APril 2018/1mM F2.2,False,0.4674590528011322,0.2754817008972168,0.2570592164993286
2,mid,0,control,218,4,10,Bethanechol,2,mid,mAChR_Agonist_NonSelective,mAChR_Agonist_NonSelective,Bethanechol,mid,0.5 mM,/mnt/tyler/Matt Winter/BRAIN IMAGES BACKUP/FOURTH BATCH 2018/Bethanechol Run 1 23 April 2018/0.5mM F4,False,0.47268146276474,0.2728886902332306,0.25442981719970703
0,control,0,control,223,0,0,Control,0,control,Water,mAChR_Agonist_NonSelective,Bethanechol,control,control,/mnt/tyler/Matt Winter/BRAIN IMAGES BACKUP/FOURTH BATCH 2018/Bethanechol Run 1 23 April 2018/Water F1,True,0.4585021138191223,0.27944114804267883,0.26205676794052124
0,control,0,control,228,0,0,Control,0,control,Water,mAChR_Agonist_NonSelective,Bethanechol,control,control,/mnt/tyler/Matt Winter/BRAIN IMAGES BACKUP/FOURTH BATCH 2018/Bethanechol Run 2 30 APril 2018/Water F2.3,True,0.45500481128692627,0.2820425033569336,0.26295265555381775
2,mid,0,control,239,4,11,Muscarine,2,mid,mAChR_Agonist_NonSelective,mAChR_Agonist_NonSelective,Muscarine,mid,0.5 mM,/mnt/tyler/Matt Winter/BRAIN IMAGES BACKUP/FOURTH BATCH 2018/Muscarine Run 1 13 April 2018/0.5mM F1,False,0.36536264419555664,0.2871786653995514,0.3474586009979248
0,control,0,control,248,0,0,Control,0,control,Water,mAChR_Agonist_NonSelective,Muscarine,control,control,/mnt/tyler/Matt Winter/BRAIN IMAGES BACKUP/FOURTH BATCH 2018/Muscarine Run 1 13 April 2018/Water F3,True,0.45479267835617065,0.28103044629096985,0.2641769051551819
0,control,0,control,250,0,0,Control,0,control,Water,mAChR_Agonist_NonSelective,Muscarine,control,control,/mnt/tyler/Matt Winter/BRAIN IMAGES BACKUP/FOURTH BATCH 2018/Muscarine Run 1 13 April 2018/water F1,True,0.39776068925857544,0.27422183752059937,0.3280174732208252
0,control,0,control,254,0,0,Control,0,control,Water,mAChR_Agonist_NonSelective,Muscarine,control,control,/mnt/tyler/Matt Winter/BRAIN IMAGES BACKUP/FOURTH BATCH 2018/Muscarine Run 2 16 April 2018/Water f2.1 funny angle,True,0.4604836106300354,0.279041051864624,0.2604752779006958
1,high,0,control,256,4,12,Pilocarpine,1,high,mAChR_Agonist_NonSelective,mAChR_Agonist_NonSelective,Pilocarpine,high,5 mM,/mnt/tyler/Matt Winter/BRAIN IMAGES BACKUP/FIRST BATCH convulsants/Brain_Imaging_Rerun_-_New_Alignment/Pilocarpine_Round2_0.4OD/5mM,False,0.3363502323627472,0.33128857612609863,0.3323611319065094
1,high,0,control,257,4,12,Pilocarpine,1,high,mAChR_Agonist_NonSelective,mAChR_Agonist_NonSelective,Pilocarpine,high,5 mM,/mnt/tyler/Matt Winter/BRAIN IMAGES BACKUP/FOURTH BATCH 2018/Pilocarpine ReRun 2 12 Feb 2019/5mM F2.1,False,0.47210830450057983,0.27125084400177,0.2566409111022949
1,high,0,control,259,4,12,Pilocarpine,1,high,mAChR_Agonist_NonSelective,mAChR_Agonist_NonSelective,Pilocarpine,high,5 mM,/mnt/tyler/Matt Winter/BRAIN IMAGES BACKUP/FOURTH BATCH 2018/Pilocarpine ReRun 2 12 Feb 2019/5mM F2.3,False,0.36386552453041077,0.2875790596008301,0.34855538606643677
1,high,0,control,263,4,12,Pilocarpine,1,high,mAChR_Agonist_NonSelective,mAChR_Agonist_NonSelective,Pilocarpine,high,5 mM,/mnt/tyler/Matt Winter/BRAIN IMAGES BACKUP/FOURTH BATCH 2018/Pilocarpine repeat run 1 12 Feb 2019/5mM F3,False,0.4568568468093872,0.2763534486293793,0.2667897045612335
2,mid,2,mid,267,4,12,Pilocarpine,2,mid,mAChR_Agonist_NonSelective,mAChR_Agonist_NonSelective,Pilocarpine,mid,2.5 mM,/mnt/tyler/Matt Winter/BRAIN IMAGES BACKUP/FIRST BATCH convulsants/Brain_Imaging_Rerun_-_New_Alignment/Pilocarpine_Round2_0.4OD/2.5mM,False,0.12054336071014404,0.3660891652107239,0.5133675336837769
2,mid,2,mid,268,4,12,Pilocarpine,2,mid,mAChR_Agonist_NonSelective,mAChR_Agonist_NonSelective,Pilocarpine,mid,2.5 mM,/mnt/tyler/Matt Winter/BRAIN IMAGES BACKUP/FOURTH BATCH 2018/Pilocarpine ReRun 2 12 Feb 2019/2.5mM F2.1,False,0.26249510049819946,0.3089483976364136,0.4285564124584198
2,mid,0,control,269,4,12,Pilocarpine,2,mid,mAChR_Agonist_NonSelective,mAChR_Agonist_NonSelective,Pilocarpine,mid,2.5 mM,/mnt/tyler/Matt Winter/BRAIN IMAGES BACKUP/FOURTH BATCH 2018/Pilocarpine ReRun 2 12 Feb 2019/2.5mM F2.3,False,0.4466423988342285,0.2732349634170532,0.28012266755104065
2,mid,2,mid,270,4,12,Pilocarpine,2,mid,mAChR_Agonist_NonSelective,mAChR_Agonist_NonSelective,Pilocarpine,mid,2.5 mM,/mnt/tyler/Matt Winter/BRAIN IMAGES BACKUP/FOURTH BATCH 2018/Pilocarpine ReRun 2 12 Feb 2019/2.5mM F2.4,False,0.34262222051620483,0.2901085317134857,0.36726927757263184
0,control,0,control,275,0,0,Control,0,control,Water,mAChR_Agonist_NonSelective,Pilocarpine,control,control,/mnt/tyler/Matt Winter/BRAIN IMAGES BACKUP/FOURTH BATCH 2018/Pilocarpine ReRun 2 12 Feb 2019/Water F2.4,True,0.4654354453086853,0.2736905813217163,0.2608740031719208
0,control,0,control,277,0,0,Control,0,control,Water,mAChR_Agonist_NonSelective,Pilocarpine,control,control,/mnt/tyler/Matt Winter/BRAIN IMAGES BACKUP/FOURTH BATCH 2018/Pilocarpine repeat run 1 12 Feb 2019/Water F1,True,0.46395814418792725,0.27041760087013245,0.2656242847442627
0,control,0,control,279,0,0,Control,0,control,Water,mAChR_Agonist_NonSelective,Pilocarpine,control,control,/mnt/tyler/Matt Winter/BRAIN IMAGES BACKUP/FOURTH BATCH 2018/Pilocarpine repeat run 1 12 Feb 2019/Water f2,True,0.4685570001602173,0.273731529712677,0.2577114999294281
