true_label,true_name,pred_label,pred_name,original_instance_id,label,compound_label,compound_label_name,concentration_label_id,concentration_label_name,label_name,mechanism_of_action,compound,concentration_band,concentration_label,image_condition_dir,is_control,proba_Control,proba_Bemegride,proba_Bicuculline,proba_Gabazine,proba_RS_-_Tetrazol-5-yl_glycine,proba_Cis-ACPD,proba_N-methyl-D-aspartate,proba_Donepezil,proba_Galantamine,proba_Phenserine,proba_Bethanechol,proba_Muscarine,proba_Pilocarpine
1,Bemegride,4,(RS)-(Tetrazol-5-yl)glycine,0,1,1,Bemegride,1,high,GABAAR_Antagonist,GABAAR_Antagonist,Bemegride,high,1 mM,/mnt/tyler/Matt Winter/BRAIN IMAGES BACKUP/THIRD BATCH convulsants/Bemegride run 1 1 June 17/1mM F1,False,0.015172864310443401,0.011682468466460705,0.08450529724359512,0.002943128114566207,0.45628902316093445,0.018776098266243935,0.1042318269610405,0.016481246799230576,0.001988218631595373,0.004285849630832672,0.0010890384437516332,0.005613909102976322,0.2769410014152527
1,Bemegride,0,Control,2,1,1,Bemegride,1,high,GABAAR_Antagonist,GABAAR_Antagonist,Bemegride,high,1 mM,/mnt/tyler/Matt Winter/BRAIN IMAGES BACKUP/THIRD BATCH convulsants/Bemegride run 1 1 June 17/1mM F3,False,0.1718723475933075,0.082682304084301,0.03478527069091797,0.08349696546792984,0.03802983835339546,0.08157656341791153,0.02830473706126213,0.09073396772146225,0.07044008374214172,0.06766398996114731,0.042095307260751724,0.04526403546333313,0.16305463016033173
1,Bemegride,11,Muscarine,3,1,1,Bemegride,1,high,GABAAR_Antagonist,GABAAR_Antagonist,Bemegride,high,1 mM,/mnt/tyler/Matt Winter/BRAIN IMAGES BACKUP/THIRD BATCH convulsants/Bemegride run 1 1 June 17/1mM F6,False,0.08015870302915573,0.048357293009757996,0.016552453860640526,0.035772111266851425,0.03327338024973869,0.07763271033763885,0.01725476235151291,0.04082537069916725,0.07996775209903717,0.08596189320087433,0.0935884639620781,0.23199397325515747,0.1586611419916153
1,Bemegride,0,Control,9,1,1,Bemegride,2,mid,GABAAR_Antagonist,GABAAR_Antagonist,Bemegride,mid,0.5 mM,/mnt/tyler/Matt Winter/BRAIN IMAGES BACKUP/THIRD BATCH convulsants/Bemegride run 1 1 June 17/0.5mM F3,False,0.19616763293743134,0.05918794125318527,0.05651573836803436,0.09140708297491074,0.015541214495897293,0.059628166258335114,0.027577750384807587,0.09782398492097855,0.1046779677271843,0.0843711569905281,0.08353479206562042,0.0782846137881279,0.045282017439603806
1,Bemegride,12,Pilocarpine,10,1,1,Bemegride,2,mid,GABAAR_Antagonist,GABAAR_Antagonist,Bemegride,mid,0.5 mM,/mnt/tyler/Matt Winter/BRAIN IMAGES BACKUP/THIRD BATCH convulsants/Bemegride run 1 1 June 17/0.5mM F5 overexposed at very end but alive and fine,False,0.025190269574522972,0.08888962119817734,0.009315229021012783,0.019730595871806145,0.21426622569561005,0.11756087839603424,0.044935084879398346,0.040129613131284714,0.015297522768378258,0.03972579166293144,0.012945439666509628,0.03453913331031799,0.337474524974823
1,Bemegride,0,Control,13,1,1,Bemegride,2,mid,GABAAR_Antagonist,GABAAR_Antagonist,Bemegride,mid,0.5 mM,/mnt/tyler/Matt Winter/BRAIN IMAGES BACKUP/THIRD BATCH convulsants/Bemegride run 2 7 6 17/0.5mM F2.2,False,0.13254879415035248,0.07302114367485046,0.01436346024274826,0.1153438612818718,0.010155280120670795,0.07099921256303787,0.014722011983394623,0.08993843197822571,0.12140291929244995,0.10876858234405518,0.12159448117017746,0.0858973041176796,0.041244588792324066
2,Bicuculline,2,Bicuculline,29,1,2,Bicuculline,1,high,GABAAR_Antagonist,GABAAR_Antagonist,Bicuculline,high,250 uM,/mnt/tyler/Matt Winter/BRAIN IMAGES BACKUP/THIRD BATCH convulsants/Bicuculline run 2 25 5 17/250 microM F2.2,False,0.021528732031583786,0.0006151817506179214,0.9278406500816345,0.0012461168225854635,0.0024420677218586206,0.0010546770645305514,0.025694753974676132,0.011941982433199883,0.0017220766749233007,0.0015343192499130964,0.001052374136634171,0.002737071132287383,0.0005900785326957703
2,Bicuculline,2,Bicuculline,31,1,2,Bicuculline,1,high,GABAAR_Antagonist,GABAAR_Antagonist,Bicuculline,high,250 uM,/mnt/tyler/Matt Winter/BRAIN IMAGES BACKUP/THIRD BATCH convulsants/Bicuculline run 2 25 5 17/250 microM F2.4,False,0.03270609676837921,0.0009018725831992924,0.9102565050125122,0.0019588556606322527,0.002544116461649537,0.0016167103312909603,0.023912612348794937,0.014099759981036186,0.0028970628045499325,0.0024138055741786957,0.001801361795514822,0.0040113190189003944,0.0008799080969765782
2,Bicuculline,2,Bicuculline,37,1,2,Bicuculline,2,mid,GABAAR_Antagonist,GABAAR_Antagonist,Bicuculline,mid,125 uM,/mnt/tyler/Matt Winter/BRAIN IMAGES BACKUP/THIRD BATCH convulsants/Bicuculline run 2 25 5 17/125 microM F2.3,False,0.02635648101568222,0.0008667440270073712,0.9107978940010071,0.0014723986387252808,0.004797297529876232,0.0014891375321894884,0.031212860718369484,0.013947923667728901,0.0018626847304403782,0.001763192005455494,0.0010022938949987292,0.0030217966996133327,0.0014092795317992568
0,Control,2,Bicuculline,40,0,0,Control,0,control,Water,GABAAR_Antagonist,Bicuculline,control,control,/mnt/tyler/Matt Winter/BRAIN IMAGES BACKUP/THIRD BATCH convulsants/Bicuculline run 1 24 5 17/Water F3,True,0.023737113922834396,0.0006254764157347381,0.9270379543304443,0.00133817782625556,0.0021319491788744926,0.0011200307635590434,0.02346571534872055,0.012360145337879658,0.0018916352419182658,0.0016605108976364136,0.0011633399408310652,0.0029145237058401108,0.0005535155651159585
0,Control,2,Bicuculline,43,0,0,Control,0,control,Water,GABAAR_Antagonist,Bicuculline,control,control,/mnt/tyler/Matt Winter/BRAIN IMAGES BACKUP/THIRD BATCH convulsants/Bicuculline run 2 25 5 17/Water F2.1,True,0.025164365768432617,0.0006756425136700273,0.9244372248649597,0.0013947985135018826,0.002426947932690382,0.001188900088891387,0.023763125762343407,0.012521060183644295,0.001953279133886099,0.0017176262335851789,0.001143315457738936,0.002943232422694564,0.0006704131374135613
3,Gabazine,0,Control,50,1,3,Gabazine,1,high,GABAAR_Antagonist,GABAAR_Antagonist,Gabazine,high,0.5 mM,/mnt/tyler/Matt Winter/BRAIN IMAGES BACKUP/THIRD BATCH convulsants/Gabazine Run 1 7 July 2017/0.5mM F4,False,0.14601092040538788,0.07517288625240326,0.02129368670284748,0.11425235122442245,0.012477023527026176,0.07077506184577942,0.01926368847489357,0.0974126011133194,0.114761121571064,0.10231592506170273,0.10430928319692612,0.07836894690990448,0.043586499989032745
3,Gabazine,0,Control,55,1,3,Gabazine,2,mid,GABAAR_Antagonist,GABAAR_Antagonist,Gabazine,mid,0.25 mM,/mnt/tyler/Matt Winter/BRAIN IMAGES BACKUP/THIRD BATCH convulsants/Gabazine Run 1 7 July 2017/0.25mM F1,False,0.1307062804698944,0.07305926829576492,0.01382985059171915,0.11639688909053802,0.010270124301314354,0.0709412693977356,0.014562605880200863,0.08872351795434952,0.12106708437204361,0.10958191007375717,0.12326309084892273,0.08629916608333588,0.04129895940423012
3,Gabazine,11,Muscarine,61,1,3,Gabazine,2,mid,GABAAR_Antagonist,GABAAR_Antagonist,Gabazine,mid,0.25 mM,/mnt/tyler/Matt Winter/BRAIN IMAGES BACKUP/THIRD BATCH convulsants/Gabazine Run 3 14 jUly 2017/0.25mM F3.4,False,0.1171901524066925,0.04484790936112404,0.040952105075120926,0.0473494715988636,0.020957961678504944,0.06624294817447662,0.023955337703227997,0.05992235243320465,0.10123671591281891,0.09198001772165298,0.11231660842895508,0.2055220752954483,0.06752634793519974
0,Control,0,Control,66,0,0,Control,0,control,Water,GABAAR_Antagonist,Gabazine,control,control,/mnt/tyler/Matt Winter/BRAIN IMAGES BACKUP/THIRD BATCH convulsants/Gabazine Run 3 14 jUly 2017/Water F3.1,True,0.12525615096092224,0.08214031159877777,0.013541345484554768,0.12265260517597198,0.012408314272761345,0.07550595700740814,0.017150018364191055,0.09343638271093369,0.11276315152645111,0.10896438360214233,0.11285711079835892,0.07815434038639069,0.04516993463039398
0,Control,3,Gabazine,67,0,0,Control,0,control,Water,GABAAR_Antagonist,Gabazine,control,control,/mnt/tyler/Matt Winter/BRAIN IMAGES BACKUP/THIRD BATCH convulsants/Gabazine Run 3 14 jUly 2017/Water F3.2,True,0.1192149817943573,0.08204200863838196,0.01335531659424305,0.12408964335918427,0.01251941453665495,0.07619152963161469,0.017878547310829163,0.09323685616254807,0.11047196388244629,0.11054316908121109,0.11814506351947784,0.07977285236120224,0.042538635432720184
4,(RS)-(Tetrazol-5-yl)glycine,4,(RS)-(Tetrazol-5-yl)glycine,72,2,4,(RS)-(Tetrazol-5-yl)glycine,1,high,NMDAR_Activation,NMDAR_Activation,(RS)-(Tetrazol-5-yl)glycine,high,62.5 uM,/mnt/tyler/Matt Winter/BRAIN IMAGES BACKUP/FOURTH BATCH 2018/Rs tetrazol Glycine (RsT) Run 1 21 aug 2018/62.5microM F3,False,0.0024256533943116665,0.03528579697012901,0.0014797237236052752,0.002823455957695842,0.4901929497718811,0.032648954540491104,0.03699836879968643,0.006061838008463383,0.0012640348868444562,0.004821655806154013,0.0008892086334526539,0.003580853110179305,0.3815276324748993
4,(RS)-(Tetrazol-5-yl)glycine,4,(RS)-(Tetrazol-5-yl)glycine,73,2,4,(RS)-(Tetrazol-5-yl)glycine,1,high,NMDAR_Activation,NMDAR_Activation,(RS)-(Tetrazol-5-yl)glycine,high,62.5 uM,/mnt/tyler/Matt Winter/BRAIN IMAGES BACKUP/FOURTH BATCH 2018/Rs tetrazol Glycine (RsT) Run 1 21 aug 2018/62.5microM F4,False,0.0011703440686687827,0.035080600529909134,0.0027084581088274717,0.0026297869626432657,0.6817142963409424,0.019195014610886574,0.14036376774311066,0.006749911233782768,0.0007976768538355827,0.0030244626104831696,0.0006104716449044645,0.0022994442842900753,0.10365575551986694
4,(RS)-(Tetrazol-5-yl)glycine,4,(RS)-(Tetrazol-5-yl)glycine,78,2,4,(RS)-(Tetrazol-5-yl)glycine,2,mid,NMDAR_Activation,NMDAR_Activation,(RS)-(Tetrazol-5-yl)glycine,mid,31.25 uM,/mnt/tyler/Matt Winter/BRAIN IMAGES BACKUP/FOURTH BATCH 2018/Rs tetrazol Glycine (RsT) Run 1 21 aug 2018/31.25 microM F2 heart beat fine,False,0.005914230365306139,0.03673105686903,0.016208667308092117,0.004774071741849184,0.5579316020011902,0.03696267306804657,0.15295816957950592,0.022829806432127953,0.0019473315915092826,0.007169642020016909,0.0013758165296167135,0.005296296905726194,0.1499006748199463
0,Control,10,Bethanechol,84,0,0,Control,0,control,Water,NMDAR_Activation,(RS)-(Tetrazol-5-yl)glycine,control,control,/mnt/tyler/Matt Winter/BRAIN IMAGES BACKUP/FOURTH BATCH 2018/Rs tetrazol Glycine (RsT) Run 1 21 aug 2018/Water F3,True,0.12085563689470291,0.07197295129299164,0.012365518137812614,0.11469105631113052,0.009543582797050476,0.07294346392154694,0.013840840198099613,0.08867598325014114,0.12132052332162857,0.1125187873840332,0.13312523066997528,0.0894860103726387,0.03866045922040939
5,Cis-ACPD,10,Bethanechol,91,2,5,Cis-ACPD,1,high,NMDAR_Activation,NMDAR_Activation,Cis-ACPD,high,1 mM,/mnt/tyler/Matt Winter/BRAIN IMAGES BACKUP/FOURTH BATCH 2018/CisACPD Run 1 21 May 2018/1mM F1,False,0.12784354388713837,0.06974966824054718,0.013639185577630997,0.113454669713974,0.009773270227015018,0.07011597603559494,0.013849420472979546,0.08641830831766129,0.12377076596021652,0.11019816994667053,0.13024473190307617,0.09075935930013657,0.040183018893003464
5,Cis-ACPD,1,Bemegride,97,2,5,Cis-ACPD,1,high,NMDAR_Activation,NMDAR_Activation,Cis-ACPD,high,1 mM,/mnt/tyler/Matt Winter/BRAIN IMAGES BACKUP/FOURTH BATCH 2018/CisACPD Run 2 4 June 2018/1mM F2.5,False,0.03312249109148979,0.2623521089553833,0.01053945254534483,0.08015555888414383,0.09659980237483978,0.14421817660331726,0.09168832004070282,0.11427611112594604,0.02214032970368862,0.05657001957297325,0.014193661510944366,0.009761298075318336,0.0643826574087143
5,Cis-ACPD,10,Bethanechol,104,2,5,Cis-ACPD,2,mid,NMDAR_Activation,NMDAR_Activation,Cis-ACPD,mid,0.5 mM,/mnt/tyler/Matt Winter/BRAIN IMAGES BACKUP/FOURTH BATCH 2018/CisACPD Run 2 4 June 2018/0.5mM F2.4,False,0.12877023220062256,0.06884672492742538,0.014134585857391357,0.11272594332695007,0.009919828735291958,0.0694851204752922,0.01404384896159172,0.08539773523807526,0.12439234554767609,0.10983652621507645,0.1304352581501007,0.09168101847171783,0.04033076390624046
0,Control,11,Muscarine,110,0,0,Control,0,control,Water,NMDAR_Activation,Cis-ACPD,control,control,/mnt/tyler/Matt Winter/BRAIN IMAGES BACKUP/FOURTH BATCH 2018/CisACPD Run 1 21 May 2018/water F2,True,0.08367569744586945,0.040327899158000946,0.026550358161330223,0.03932253271341324,0.01899285800755024,0.06546387821435928,0.020223040133714676,0.04899179935455322,0.0960204005241394,0.09636560827493668,0.13303615152835846,0.27047964930534363,0.06055004149675369
0,Control,0,Control,111,0,0,Control,0,control,Water,NMDAR_Activation,Cis-ACPD,control,control,/mnt/tyler/Matt Winter/BRAIN IMAGES BACKUP/FOURTH BATCH 2018/CisACPD Run 2 4 June 2018/Water F2.3,True,0.13205096125602722,0.06980989873409271,0.014379329048097134,0.11255040764808655,0.009851369075477123,0.06980197876691818,0.014015723019838333,0.08641160279512405,0.12427868694067001,0.10895957052707672,0.1267382800579071,0.09017787873744965,0.04097428917884827
0,Control,10,Bethanechol,113,0,0,Control,0,control,Water,NMDAR_Activation,Cis-ACPD,control,control,/mnt/tyler/Matt Winter/BRAIN IMAGES BACKUP/FOURTH BATCH 2018/CisACPD Run 2 4 June 2018/water F2.1,True,0.12559901177883148,0.0695427805185318,0.013153829611837864,0.10705586522817612,0.01033012941479683,0.07131800800561905,0.01353776827454567,0.08122005313634872,0.12300301343202591,0.11098579317331314,0.1311129778623581,0.09843551367521286,0.044705361127853394
6,N-methyl-D-aspartate,6,N-methyl-D-aspartate,117,2,6,N-methyl-D-aspartate,1,high,NMDAR_Activation,NMDAR_Activation,N-methyl-D-aspartate,high,2 mM,/mnt/tyler/Matt Winter/BRAIN IMAGES BACKUP/SECOND BATCH convulsants/NMDA 16 Dec 2016/2mM F1.3,False,0.000542306515853852,0.002317847451195121,0.11345077306032181,0.00032397365430369973,0.16166798770427704,0.0009966461220756173,0.7120678424835205,0.006685316562652588,5.865873390575871e-05,0.00018192427523899823,2.9660421205335297e-05,0.00012399723345879465,0.0015530061209574342
6,N-methyl-D-aspartate,6,N-methyl-D-aspartate,118,2,6,N-methyl-D-aspartate,1,high,NMDAR_Activation,NMDAR_Activation,N-methyl-D-aspartate,high,2 mM,/mnt/tyler/Matt Winter/BRAIN IMAGES BACKUP/SECOND BATCH convulsants/NMDA 16 Dec 2016/2mM F1.4,False,0.00071149185532704,0.005938353948295116,0.04021597281098366,0.0006870044162496924,0.33973392844200134,0.0029397669713944197,0.5926368832588196,0.008673656731843948,0.000149074723594822,0.00048746116226539016,9.408016921952367e-05,0.0004191463522147387,0.007313203997910023
6,N-methyl-D-aspartate,4,(RS)-(Tetrazol-5-yl)glycine,121,2,6,N-methyl-D-aspartate,1,high,NMDAR_Activation,NMDAR_Activation,N-methyl-D-aspartate,high,2 mM,/mnt/tyler/Matt Winter/BRAIN IMAGES BACKUP/SECOND BATCH convulsants/NMDA 16 Jan 2017/2mM NMDA F3,False,0.0021243023220449686,0.005688540171831846,0.08974683284759521,0.0007691212231293321,0.4582034945487976,0.0045637511648237705,0.40121427178382874,0.010680005885660648,0.0002010573080042377,0.0006352213094942272,9.50030007516034e-05,0.0004962910315953195,0.025582166388630867
6,N-methyl-D-aspartate,4,(RS)-(Tetrazol-5-yl)glycine,125,2,6,N-methyl-D-aspartate,2,mid,NMDAR_Activation,NMDAR_Activation,N-methyl-D-aspartate,mid,1 mM,/mnt/tyler/Matt Winter/BRAIN IMAGES BACKUP/SECOND BATCH convulsants/NMDA 16 Dec 2016/1mM F1.3,False,0.0032936271745711565,0.007896952331066132,0.04778614640235901,0.0013473306316882372,0.6236670017242432,0.008137986995279789,0.20577923953533173,0.010415143333375454,0.0005375860491767526,0.0014352111611515284,0.00031907649827189744,0.0017339313635602593,0.08765073120594025
0,Control,0,Control,132,0,0,Control,0,control,Water,NMDAR_Activation,N-methyl-D-aspartate,control,control,/mnt/tyler/Matt Winter/BRAIN IMAGES BACKUP/SECOND BATCH convulsants/NMDA 16 Dec 2016/water F1.4,True,0.14500175416469574,0.06826822459697723,0.020661430433392525,0.11037018895149231,0.011084992438554764,0.06714536249637604,0.01681201346218586,0.09034866094589233,0.12346304953098297,0.1038067638874054,0.11466401815414429,0.0871969610452652,0.04117657244205475
0,Control,0,Control,134,0,0,Control,0,control,Water,NMDAR_Activation,N-methyl-D-aspartate,control,control,/mnt/tyler/Matt Winter/BRAIN IMAGES BACKUP/SECOND BATCH convulsants/NMDA 16 Jan 2017/Water F2,True,0.17551833391189575,0.06096560135483742,0.03560856357216835,0.09905663877725601,0.01211763545870781,0.06260081380605698,0.020133420825004578,0.09306453168392181,0.11890904605388641,0.09427221119403839,0.1011897623538971,0.08483107388019562,0.041732337325811386
0,Control,0,Control,135,0,0,Control,0,control,Water,NMDAR_Activation,N-methyl-D-aspartate,control,control,/mnt/tyler/Matt Winter/BRAIN IMAGES BACKUP/SECOND BATCH convulsants/NMDA 16 Jan 2017/Water F3,True,0.1861879676580429,0.05755156651139259,0.054682496935129166,0.08979146927595139,0.013511021621525288,0.06122076138854027,0.02590700052678585,0.10171832889318466,0.10960464179515839,0.08772295713424683,0.09113230556249619,0.08144035935401917,0.03952912613749504
7,Donepezil,0,Control,138,3,7,Donepezil,1,high,AChE_Inhibitor_Reversible,AChE_Inhibitor_Reversible,Donepezil,high,125 uM,/mnt/tyler/Matt Winter/BRAIN IMAGES BACKUP/SECOND BATCH convulsants/Donepezil 8 Dec 2016/125microM Don F1.2,False,0.19201110303401947,0.05543843284249306,0.07108338922262192,0.07971230149269104,0.014919786714017391,0.06343727558851242,0.03031618520617485,0.10732292383909225,0.10107000172138214,0.08261717855930328,0.08134481310844421,0.08020394295454025,0.04052266106009483
7,Donepezil,10,Bethanechol,140,3,7,Donepezil,1,high,AChE_Inhibitor_Reversible,AChE_Inhibitor_Reversible,Donepezil,high,125 uM,/mnt/tyler/Matt Winter/BRAIN IMAGES BACKUP/SECOND BATCH convulsants/Donepezil 8 Dec 2016/125microM Don F1.5,False,0.11433038860559464,0.08150546997785568,0.012206658720970154,0.11856725811958313,0.01016890350729227,0.08204784989356995,0.015833299607038498,0.10078543424606323,0.11273863911628723,0.1134718805551529,0.12224459648132324,0.07826373726129532,0.03783577308058739
7,Donepezil,0,Control,148,3,7,Donepezil,2,mid,AChE_Inhibitor_Reversible,AChE_Inhibitor_Reversible,Donepezil,mid,62.5 uM,/mnt/tyler/Matt Winter/BRAIN IMAGES BACKUP/SECOND BATCH convulsants/Donepezil 8 Dec 2016/62.5microM Don F1.6,False,0.12800170481204987,0.07218500971794128,0.01419050432741642,0.1144537627696991,0.009503668174147606,0.0731610357761383,0.014490715228021145,0.09286881983280182,0.12180912494659424,0.10977683216333389,0.12561681866645813,0.08588647097349167,0.038055624812841415
7,Donepezil,12,Pilocarpine,152,3,7,Donepezil,2,mid,AChE_Inhibitor_Reversible,AChE_Inhibitor_Reversible,Donepezil,mid,62.5 uM,/mnt/tyler/Matt Winter/BRAIN IMAGES BACKUP/SECOND BATCH convulsants/Donepezil 9 Dec 2016/62.5microM don F2.3,False,0.08036012202501297,0.04688875749707222,0.0448983795940876,0.025134054943919182,0.11318175494670868,0.07570988684892654,0.042111705988645554,0.04759214073419571,0.030169036239385605,0.03764941543340683,0.020427878946065903,0.05509965494275093,0.3807772397994995
8,Galantamine,12,Pilocarpine,162,3,8,Galantamine,1,high,AChE_Inhibitor_Reversible,AChE_Inhibitor_Reversible,Galantamine,high,1 mM,/mnt/tyler/Matt Winter/BRAIN IMAGES BACKUP/FOURTH BATCH 2018/Galantamine Run 1 28 sept 2018/1mM F5 moved a little run from zero,False,0.08273709565401077,0.07231256365776062,0.013598809950053692,0.045567966997623444,0.047494299709796906,0.0986543521285057,0.020467650145292282,0.05354071781039238,0.06435706466436386,0.07983197271823883,0.05987650901079178,0.1165291890501976,0.2450317144393921
8,Galantamine,11,Muscarine,168,3,8,Galantamine,2,mid,AChE_Inhibitor_Reversible,AChE_Inhibitor_Reversible,Galantamine,mid,0.5 mM,/mnt/tyler/Matt Winter/BRAIN IMAGES BACKUP/FOURTH BATCH 2018/Galantamine Run 1 28 sept 2018/0.5mM F2,False,0.07568186521530151,0.04135754704475403,0.019230851903557777,0.03811091184616089,0.018558422103524208,0.06755834072828293,0.017252283170819283,0.04537442326545715,0.09442657232284546,0.09749443084001541,0.13682109117507935,0.28144726157188416,0.06668587774038315
8,Galantamine,11,Muscarine,173,3,8,Galantamine,2,mid,AChE_Inhibitor_Reversible,AChE_Inhibitor_Reversible,Galantamine,mid,0.5 mM,/mnt/tyler/Matt Winter/BRAIN IMAGES BACKUP/FOURTH BATCH 2018/Galantamine Run 2 1 Oct 2018/0.5mM F2.2,False,0.09585650265216827,0.04533245787024498,0.025450680404901505,0.04440997168421745,0.019332081079483032,0.06932760775089264,0.01921365223824978,0.05292270705103874,0.10092629492282867,0.09695571660995483,0.12306174635887146,0.23715326189994812,0.07005727291107178
8,Galantamine,10,Bethanechol,175,3,8,Galantamine,2,mid,AChE_Inhibitor_Reversible,AChE_Inhibitor_Reversible,Galantamine,mid,0.5 mM,/mnt/tyler/Matt Winter/BRAIN IMAGES BACKUP/FOURTH BATCH 2018/Galantamine Run 2 1 Oct 2018/0.5mM f2.4,False,0.12859800457954407,0.06963891535997391,0.014124353416264057,0.11328844726085663,0.009637375362217426,0.06988164782524109,0.014059752225875854,0.08798407763242722,0.12402188032865524,0.11004944890737534,0.12929557263851166,0.0903833881020546,0.03903712332248688
0,Control,3,Gabazine,178,0,0,Control,0,control,Water,AChE_Inhibitor_Reversible,Galantamine,control,control,/mnt/tyler/Matt Winter/BRAIN IMAGES BACKUP/FOURTH BATCH 2018/Galantamine Run 1 28 sept 2018/Water F3 run from zero as moved slightly,True,0.11589319258928299,0.08397740125656128,0.01248996052891016,0.12276847660541534,0.011768482625484467,0.08087414503097534,0.017242424190044403,0.09726770222187042,0.10943508893251419,0.11229971796274185,0.11792480945587158,0.07758365571498871,0.04047495126724243
9,Phenserine,11,Muscarine,189,3,9,Phenserine,1,high,AChE_Inhibitor_Reversible,AChE_Inhibitor_Reversible,Phenserine,high,125 uM,/mnt/tyler/Matt Winter/BRAIN IMAGES BACKUP/FOURTH BATCH 2018/Phenserine Run 2 13 July 2018 not processed yet/125microM F2.2,False,0.07660100609064102,0.04066810384392738,0.019614070653915405,0.03732086345553398,0.020051296800374985,0.06570938974618912,0.01728549413383007,0.04224257543683052,0.09333796054124832,0.09611834585666656,0.13285094499588013,0.2858169376850128,0.07238300144672394
9,Phenserine,10,Bethanechol,190,3,9,Phenserine,1,high,AChE_Inhibitor_Reversible,AChE_Inhibitor_Reversible,Phenserine,high,125 uM,/mnt/tyler/Matt Winter/BRAIN IMAGES BACKUP/FOURTH BATCH 2018/Phenserine Run 2 13 July 2018 not processed yet/125microM F2.3,False,0.12525354325771332,0.0710139274597168,0.013647760264575481,0.11366540938615799,0.009634006768465042,0.07208852469921112,0.01426654402166605,0.08950348198413849,0.1226331889629364,0.11065788567066193,0.1299344152212143,0.08883564919233322,0.038865603506565094
9,Phenserine,10,Bethanechol,191,3,9,Phenserine,1,high,AChE_Inhibitor_Reversible,AChE_Inhibitor_Reversible,Phenserine,high,125 uM,/mnt/tyler/Matt Winter/BRAIN IMAGES BACKUP/FOURTH BATCH 2018/Phenserine Run 2 13 July 2018 not processed yet/125microM F2.4,False,0.12569552659988403,0.07006864994764328,0.012922247871756554,0.11351914703845978,0.009595400653779507,0.0701020210981369,0.013485811650753021,0.08597517758607864,0.12416227906942368,0.11115526407957077,0.1320721060037613,0.09130710363388062,0.039939362555742264
9,Phenserine,10,Bethanechol,192,3,9,Phenserine,2,mid,AChE_Inhibitor_Reversible,AChE_Inhibitor_Reversible,Phenserine,mid,62.5 uM,/mnt/tyler/Matt Winter/BRAIN IMAGES BACKUP/FOURTH BATCH 2018/Phenserine Run 1 9 July 2018 not processed yet/62.5microM F1,False,0.12739671766757965,0.06962060928344727,0.013685137964785099,0.11334113776683807,0.009661023505032063,0.06998047977685928,0.013893485069274902,0.08667973428964615,0.12388399243354797,0.11095374077558517,0.13077954947948456,0.09085872769355774,0.03926573693752289
0,Control,3,Gabazine,199,0,0,Control,0,control,Water,AChE_Inhibitor_Reversible,Phenserine,control,control,/mnt/tyler/Matt Winter/BRAIN IMAGES BACKUP/FOURTH BATCH 2018/Phenserine Run 1 9 July 2018 not processed yet/water F1,True,0.11944036930799484,0.08098284155130386,0.012742068618535995,0.12254658341407776,0.012055724859237671,0.07634879648685455,0.016921332105994225,0.091669961810112,0.11181415617465973,0.11189838498830795,0.12016898393630981,0.08165216445922852,0.041758500039577484
0,Control,0,Control,200,0,0,Control,0,control,Water,AChE_Inhibitor_Reversible,Phenserine,control,control,/mnt/tyler/Matt Winter/BRAIN IMAGES BACKUP/FOURTH BATCH 2018/Phenserine Run 1 9 July 2018 not processed yet/water F2,True,0.13264156877994537,0.06895369291305542,0.01494845561683178,0.11293171346187592,0.009756806306540966,0.0691094920039177,0.01420380175113678,0.08752897381782532,0.124333456158638,0.10929971933364868,0.1268194168806076,0.09003862738609314,0.039434339851140976
0,Control,0,Control,202,0,0,Control,0,control,Water,AChE_Inhibitor_Reversible,Phenserine,control,control,/mnt/tyler/Matt Winter/BRAIN IMAGES BACKUP/FOURTH BATCH 2018/Phenserine Run 1 9 July 2018 not processed yet/water f4,True,0.13545182347297668,0.06922579556703568,0.01548429299145937,0.11154588311910629,0.010029340162873268,0.06883750110864639,0.014458958990871906,0.0866207629442215,0.12403468042612076,0.10779711604118347,0.12456516921520233,0.0908341109752655,0.04111465439200401
0,Control,10,Bethanechol,204,0,0,Control,0,control,Water,AChE_Inhibitor_Reversible,Phenserine,control,control,/mnt/tyler/Matt Winter/BRAIN IMAGES BACKUP/FOURTH BATCH 2018/Phenserine Run 2 13 July 2018 not processed yet/Water F2.2,True,0.1260799765586853,0.07161583751440048,0.012771927751600742,0.113978810608387,0.009408724494278431,0.0722789615392685,0.013515017926692963,0.08851373195648193,0.12305337935686111,0.11094215512275696,0.12957420945167542,0.08856789767742157,0.03969941660761833
0,Control,0,Control,205,0,0,Control,0,control,Water,AChE_Inhibitor_Reversible,Phenserine,control,control,/mnt/tyler/Matt Winter/BRAIN IMAGES BACKUP/FOURTH BATCH 2018/Phenserine Run 2 13 July 2018 not processed yet/Water F2.4,True,0.1402791142463684,0.06831832975149155,0.017940577119588852,0.10773735493421555,0.010638653300702572,0.0689418688416481,0.015382491052150726,0.08743219822645187,0.12329387664794922,0.10614572465419769,0.11931736767292023,0.09217411279678345,0.042398322373628616
10,Bethanechol,0,Control,207,4,10,Bethanechol,1,high,mAChR_Agonist_NonSelective,mAChR_Agonist_NonSelective,Bethanechol,high,1 mM,/mnt/tyler/Matt Winter/BRAIN IMAGES BACKUP/FOURTH BATCH 2018/Bethanechol Run 1 23 April 2018/1mM F1,False,0.1323201060295105,0.06905452907085419,0.014355583116412163,0.11218667030334473,0.0101518165320158,0.06865418702363968,0.013914263807237148,0.08423393964767456,0.12456195056438446,0.10901447385549545,0.12752807140350342,0.09174292534589767,0.04228140041232109
10,Bethanechol,10,Bethanechol,212,4,10,Bethanechol,1,high,mAChR_Agonist_NonSelective,mAChR_Agonist_NonSelective,Bethanechol,high,1 mM,/mnt/tyler/Matt Winter/BRAIN IMAGES BACKUP/FOURTH BATCH 2018/Bethanechol Run 2 30 APril 2018/1mM F2.2,False,0.12208571285009384,0.07201973348855972,0.012529526837170124,0.1147022694349289,0.009734944440424442,0.07254541665315628,0.013928544707596302,0.0881199911236763,0.12171000987291336,0.11179809272289276,0.13199754059314728,0.08917680382728577,0.03965143486857414
10,Bethanechol,10,Bethanechol,218,4,10,Bethanechol,2,mid,mAChR_Agonist_NonSelective,mAChR_Agonist_NonSelective,Bethanechol,mid,0.5 mM,/mnt/tyler/Matt Winter/BRAIN IMAGES BACKUP/FOURTH BATCH 2018/Bethanechol Run 1 23 April 2018/0.5mM F4,False,0.12352108210325241,0.06993097066879272,0.013239869847893715,0.11393271386623383,0.009772379882633686,0.07028917968273163,0.014004946686327457,0.08676201105117798,0.1232391893863678,0.11159101128578186,0.13342821598052979,0.09135952591896057,0.03892898187041283
0,Control,10,Bethanechol,223,0,0,Control,0,control,Water,mAChR_Agonist_NonSelective,Bethanechol,control,control,/mnt/tyler/Matt Winter/BRAIN IMAGES BACKUP/FOURTH BATCH 2018/Bethanechol Run 1 23 April 2018/Water F1,True,0.11970539391040802,0.07641834765672684,0.012304980307817459,0.11715759336948395,0.010026911273598671,0.07599949091672897,0.014784780330955982,0.09307990968227386,0.11753981560468674,0.11238200962543488,0.1268412172794342,0.08420194685459137,0.039557620882987976
0,Control,10,Bethanechol,228,0,0,Control,0,control,Water,mAChR_Agonist_NonSelective,Bethanechol,control,control,/mnt/tyler/Matt Winter/BRAIN IMAGES BACKUP/FOURTH BATCH 2018/Bethanechol Run 2 30 APril 2018/Water F2.3,True,0.11967534571886063,0.07759024202823639,0.012392660602927208,0.117422915995121,0.009809202514588833,0.07796785235404968,0.014838836155831814,0.09672386944293976,0.11699581891298294,0.11189346015453339,0.12453074008226395,0.08143748342990875,0.03872162103652954
11,Muscarine,11,Muscarine,239,4,11,Muscarine,2,mid,mAChR_Agonist_NonSelective,mAChR_Agonist_NonSelective,Muscarine,mid,0.5 mM,/mnt/tyler/Matt Winter/BRAIN IMAGES BACKUP/FOURTH BATCH 2018/Muscarine Run 1 13 April 2018/0.5mM F1,False,0.08001924306154251,0.042145829647779465,0.01927785389125347,0.03790838643908501,0.021084677428007126,0.06801090389490128,0.01684827171266079,0.04311484843492508,0.09415103495121002,0.09517320990562439,0.12725929915905,0.27329105138778687,0.08171530812978745
0,Control,10,Bethanechol,248,0,0,Control,0,control,Water,mAChR_Agonist_NonSelective,Muscarine,control,control,/mnt/tyler/Matt Winter/BRAIN IMAGES BACKUP/FOURTH BATCH 2018/Muscarine Run 1 13 April 2018/Water F3,True,0.11784304678440094,0.07876123487949371,0.012081662192940712,0.11959944665431976,0.010102267377078533,0.0777871236205101,0.015235641039907932,0.09605681151151657,0.11477591097354889,0.11297119408845901,0.12478985637426376,0.08153285086154938,0.03846291825175285
0,Control,11,Muscarine,250,0,0,Control,0,control,Water,mAChR_Agonist_NonSelective,Muscarine,control,control,/mnt/tyler/Matt Winter/BRAIN IMAGES BACKUP/FOURTH BATCH 2018/Muscarine Run 1 13 April 2018/water F1,True,0.10208678245544434,0.04838955029845238,0.021610843017697334,0.052130263298749924,0.016771754249930382,0.06851602345705032,0.016844788566231728,0.05423188954591751,0.10561688244342804,0.1028876081109047,0.1288466900587082,0.21669723093509674,0.06536971777677536
0,Control,10,Bethanechol,254,0,0,Control,0,control,Water,mAChR_Agonist_NonSelective,Muscarine,control,control,/mnt/tyler/Matt Winter/BRAIN IMAGES BACKUP/FOURTH BATCH 2018/Muscarine Run 2 16 April 2018/Water f2.1 funny angle,True,0.12298890203237534,0.07564476132392883,0.013114356435835361,0.11758935451507568,0.009946869686245918,0.07499074190855026,0.014989789575338364,0.09367641806602478,0.11852646619081497,0.11110816895961761,0.125084787607193,0.08353987336158752,0.03879944235086441
12,Pilocarpine,7,Donepezil,256,4,12,Pilocarpine,1,high,mAChR_Agonist_NonSelective,mAChR_Agonist_NonSelective,Pilocarpine,high,5 mM,/mnt/tyler/Matt Winter/BRAIN IMAGES BACKUP/FIRST BATCH convulsants/Brain_Imaging_Rerun_-_New_Alignment/Pilocarpine_Round2_0.4OD/5mM,False,0.08772210031747818,0.12713785469532013,0.011353274807333946,0.12276118993759155,0.018187036737799644,0.1202789694070816,0.02742227166891098,0.13839375972747803,0.07530683279037476,0.10527526587247849,0.0743974819779396,0.04333650320768356,0.048427514731884
12,Pilocarpine,0,Control,257,4,12,Pilocarpine,1,high,mAChR_Agonist_NonSelective,mAChR_Agonist_NonSelective,Pilocarpine,high,5 mM,/mnt/tyler/Matt Winter/BRAIN IMAGES BACKUP/FOURTH BATCH 2018/Pilocarpine ReRun 2 12 Feb 2019/5mM F2.1,False,0.13522467017173767,0.06882411986589432,0.015074054710566998,0.11232640594244003,0.009850820526480675,0.06840822100639343,0.014050888828933239,0.08633024245500565,0.12494142353534698,0.108415387570858,0.12548625469207764,0.0903661772608757,0.04070139303803444
12,Pilocarpine,11,Muscarine,259,4,12,Pilocarpine,1,high,mAChR_Agonist_NonSelective,mAChR_Agonist_NonSelective,Pilocarpine,high,5 mM,/mnt/tyler/Matt Winter/BRAIN IMAGES BACKUP/FOURTH BATCH 2018/Pilocarpine ReRun 2 12 Feb 2019/5mM F2.3,False,0.07674536854028702,0.04149273410439491,0.020695120096206665,0.037146344780921936,0.021560974419116974,0.06765653192996979,0.018342211842536926,0.04396239295601845,0.09220290929079056,0.09489751607179642,0.1294090449810028,0.2792883813381195,0.07660046219825745
12,Pilocarpine,0,Control,263,4,12,Pilocarpine,1,high,mAChR_Agonist_NonSelective,mAChR_Agonist_NonSelective,Pilocarpine,high,5 mM,/mnt/tyler/Matt Winter/BRAIN IMAGES BACKUP/FOURTH BATCH 2018/Pilocarpine repeat run 1 12 Feb 2019/5mM F3,False,0.13832257688045502,0.07248387485742569,0.01541138719767332,0.11165298521518707,0.011142676696181297,0.07073801755905151,0.01468394324183464,0.08652123063802719,0.12160338461399078,0.10698968917131424,0.11640849709510803,0.08718372881412506,0.0468580387532711
12,Pilocarpine,12,Pilocarpine,267,4,12,Pilocarpine,2,mid,mAChR_Agonist_NonSelective,mAChR_Agonist_NonSelective,Pilocarpine,mid,2.5 mM,/mnt/tyler/Matt Winter/BRAIN IMAGES BACKUP/FIRST BATCH convulsants/Brain_Imaging_Rerun_-_New_Alignment/Pilocarpine_Round2_0.4OD/2.5mM,False,0.018164746463298798,0.03674418851733208,0.0017889660084620118,0.014457686804234982,0.11227679252624512,0.040378306061029434,0.008708308450877666,0.011272327043116093,0.008087966591119766,0.012719952501356602,0.004929742775857449,0.007418912835419178,0.7230520844459534
12,Pilocarpine,12,Pilocarpine,268,4,12,Pilocarpine,2,mid,mAChR_Agonist_NonSelective,mAChR_Agonist_NonSelective,Pilocarpine,mid,2.5 mM,/mnt/tyler/Matt Winter/BRAIN IMAGES BACKUP/FOURTH BATCH 2018/Pilocarpine ReRun 2 12 Feb 2019/2.5mM F2.1,False,0.09439603984355927,0.0507245808839798,0.02368031069636345,0.03635043278336525,0.055011048913002014,0.07540852576494217,0.02266109734773636,0.042258087545633316,0.06547532230615616,0.06746549159288406,0.05944718420505524,0.1468638926744461,0.2602579593658447
12,Pilocarpine,0,Control,269,4,12,Pilocarpine,2,mid,mAChR_Agonist_NonSelective,mAChR_Agonist_NonSelective,Pilocarpine,mid,2.5 mM,/mnt/tyler/Matt Winter/BRAIN IMAGES BACKUP/FOURTH BATCH 2018/Pilocarpine ReRun 2 12 Feb 2019/2.5mM F2.3,False,0.16543686389923096,0.06709674000740051,0.02390373684465885,0.1045568436384201,0.012551946565508842,0.06718327105045319,0.016562573611736298,0.08558722585439682,0.12135282158851624,0.09760583192110062,0.10144257545471191,0.08466032147407532,0.052059195935726166
12,Pilocarpine,11,Muscarine,270,4,12,Pilocarpine,2,mid,mAChR_Agonist_NonSelective,mAChR_Agonist_NonSelective,Pilocarpine,mid,2.5 mM,/mnt/tyler/Matt Winter/BRAIN IMAGES BACKUP/FOURTH BATCH 2018/Pilocarpine ReRun 2 12 Feb 2019/2.5mM F2.4,False,0.08148480951786041,0.041209347546100616,0.019602959975600243,0.03499709442257881,0.026530032977461815,0.06917767971754074,0.016891513019800186,0.03873310983181,0.0882885605096817,0.08857038617134094,0.11295639723539352,0.26967963576316833,0.11187849193811417
0,Control,0,Control,275,0,0,Control,0,control,Water,mAChR_Agonist_NonSelective,Pilocarpine,control,control,/mnt/tyler/Matt Winter/BRAIN IMAGES BACKUP/FOURTH BATCH 2018/Pilocarpine ReRun 2 12 Feb 2019/Water F2.4,True,0.13847482204437256,0.07057466357946396,0.01528040412813425,0.11193705350160599,0.00979919359087944,0.07034715265035629,0.014145304448902607,0.0886877253651619,0.12384243309497833,0.1075655147433281,0.1204194650053978,0.087459996342659,0.041466325521469116
0,Control,0,Control,277,0,0,Control,0,control,Water,mAChR_Agonist_NonSelective,Pilocarpine,control,control,/mnt/tyler/Matt Winter/BRAIN IMAGES BACKUP/FOURTH BATCH 2018/Pilocarpine repeat run 1 12 Feb 2019/Water F1,True,0.1501055359840393,0.06671903282403946,0.020800964906811714,0.1083843931555748,0.010627550072968006,0.06695379316806793,0.016010573133826256,0.08902667462825775,0.12386327981948853,0.10318399220705032,0.11454928666353226,0.08846072107553482,0.04131416603922844
0,Control,0,Control,279,0,0,Control,0,control,Water,mAChR_Agonist_NonSelective,Pilocarpine,control,control,/mnt/tyler/Matt Winter/BRAIN IMAGES BACKUP/FOURTH BATCH 2018/Pilocarpine repeat run 1 12 Feb 2019/Water f2,True,0.12923642992973328,0.0712035670876503,0.014482713304460049,0.11470901966094971,0.009847309440374374,0.07066512107849121,0.01466312538832426,0.08997591584920883,0.12240996211767197,0.10961335897445679,0.1263795644044876,0.08790885657072067,0.03890511766076088
